Generic, canonical-identity and serialization rows on a real devnet	Set up job	﻿2026-09-12T10:24:19.9143643Z Current runner version: '2.336.0'
Generic, canonical-identity and serialization rows on a real devnet	Set up job	2026-09-12T10:24:19.9151361Z Runner name: 'epyc-2'
Generic, canonical-identity and serialization rows on a real devnet	Set up job	2026-09-12T10:24:19.9152105Z Runner group name: 'default'
Generic, canonical-identity and serialization rows on a real devnet	Set up job	2026-09-12T10:24:19.9153035Z Machine name: 'development-epyc'
Generic, canonical-identity and serialization rows on a real devnet	Set up job	2026-09-12T10:24:19.9155442Z ##[group]GITHUB_TOKEN Permissions
Generic, canonical-identity and serialization rows on a real devnet	Set up job	2026-09-12T10:24:19.9157897Z Contents: read
Generic, canonical-identity and serialization rows on a real devnet	Set up job	2026-09-12T10:24:19.9158512Z Metadata: read
Generic, canonical-identity and serialization rows on a real devnet	Set up job	2026-09-12T10:24:19.9159053Z ##[endgroup]
Generic, canonical-identity and serialization rows on a real devnet	Set up job	2026-09-12T10:24:19.9161434Z Secret source: Actions
Generic, canonical-identity and serialization rows on a real devnet	Set up job	2026-09-12T10:24:19.9162357Z Cache mode: write
Generic, canonical-identity and serialization rows on a real devnet	Set up job	2026-09-12T10:24:19.9163098Z Prepare workflow directory
Generic, canonical-identity and serialization rows on a real devnet	Set up job	2026-09-12T10:24:19.9765543Z Prepare all required actions
Generic, canonical-identity and serialization rows on a real devnet	Set up job	2026-09-12T10:24:19.9828238Z Getting action download info
Generic, canonical-identity and serialization rows on a real devnet	Set up job	2026-09-12T10:24:20.4468567Z Download action repository 'actions/checkout@v6' (SHA:d23441a48e516b6c34aea4fa41551a30e30af803)
Generic, canonical-identity and serialization rows on a real devnet	Set up job	2026-09-12T10:24:20.8004541Z Download action repository 'cachix/cachix-action@v17' (SHA:38b082610b782e7e93e209c35fd730d399dee866)
Generic, canonical-identity and serialization rows on a real devnet	Set up job	2026-09-12T10:24:21.2347164Z Complete job name: Generic, canonical-identity and serialization rows on a real devnet
Generic, canonical-identity and serialization rows on a real devnet	Isolate Nix cache	﻿2026-09-12T10:24:21.3076511Z ##[group]Run cache_dir="$RUNNER_TEMP/nix-cache-${GITHUB_RUN_ID}-${GITHUB_RUN_ATTEMPT}-conformance"
Generic, canonical-identity and serialization rows on a real devnet	Isolate Nix cache	2026-09-12T10:24:21.3078274Z [36;1mcache_dir="$RUNNER_TEMP/nix-cache-${GITHUB_RUN_ID}-${GITHUB_RUN_ATTEMPT}-conformance"[0m
Generic, canonical-identity and serialization rows on a real devnet	Isolate Nix cache	2026-09-12T10:24:21.3079390Z [36;1mmkdir -p "$cache_dir"[0m
Generic, canonical-identity and serialization rows on a real devnet	Isolate Nix cache	2026-09-12T10:24:21.3080209Z [36;1mprintf 'XDG_CACHE_HOME=%s\n' "$cache_dir" >> "$GITHUB_ENV"[0m
Generic, canonical-identity and serialization rows on a real devnet	Isolate Nix cache	2026-09-12T10:24:21.3088251Z shell: /nix/store/x12lw455sq6qy2wcya85d7rb88ybc3df-bash-interactive-5.3p9/bin/bash -e {0}
Generic, canonical-identity and serialization rows on a real devnet	Isolate Nix cache	2026-09-12T10:24:21.3089798Z ##[endgroup]
Generic, canonical-identity and serialization rows on a real devnet	Run actions/checkout@v6	﻿2026-09-12T10:24:21.3802017Z ##[group]Run actions/checkout@v6
Generic, canonical-identity and serialization rows on a real devnet	Run actions/checkout@v6	2026-09-12T10:24:21.3802733Z with:
Generic, canonical-identity and serialization rows on a real devnet	Run actions/checkout@v6	2026-09-12T10:24:21.3803287Z   ref: 404c79d2cdc184e8a04ab3787ea5e47abe2d4681
Generic, canonical-identity and serialization rows on a real devnet	Run actions/checkout@v6	2026-09-12T10:24:21.3804049Z   repository: lambdasistemi/singular
Generic, canonical-identity and serialization rows on a real devnet	Run actions/checkout@v6	2026-09-12T10:24:21.3809458Z   token: ***
Generic, canonical-identity and serialization rows on a real devnet	Run actions/checkout@v6	2026-09-12T10:24:21.3809992Z   ssh-strict: true
Generic, canonical-identity and serialization rows on a real devnet	Run actions/checkout@v6	2026-09-12T10:24:21.3810528Z   ssh-user: git
Generic, canonical-identity and serialization rows on a real devnet	Run actions/checkout@v6	2026-09-12T10:24:21.3811092Z   persist-credentials: true
Generic, canonical-identity and serialization rows on a real devnet	Run actions/checkout@v6	2026-09-12T10:24:21.3811714Z   clean: true
Generic, canonical-identity and serialization rows on a real devnet	Run actions/checkout@v6	2026-09-12T10:24:21.3812258Z   sparse-checkout-cone-mode: true
Generic, canonical-identity and serialization rows on a real devnet	Run actions/checkout@v6	2026-09-12T10:24:21.3812901Z   fetch-depth: 1
Generic, canonical-identity and serialization rows on a real devnet	Run actions/checkout@v6	2026-09-12T10:24:21.3813429Z   fetch-tags: false
Generic, canonical-identity and serialization rows on a real devnet	Run actions/checkout@v6	2026-09-12T10:24:21.3813977Z   show-progress: true
Generic, canonical-identity and serialization rows on a real devnet	Run actions/checkout@v6	2026-09-12T10:24:21.3814517Z   lfs: false
Generic, canonical-identity and serialization rows on a real devnet	Run actions/checkout@v6	2026-09-12T10:24:21.3815017Z   submodules: false
Generic, canonical-identity and serialization rows on a real devnet	Run actions/checkout@v6	2026-09-12T10:24:21.3815567Z   set-safe-directory: true
Generic, canonical-identity and serialization rows on a real devnet	Run actions/checkout@v6	2026-09-12T10:24:21.3816191Z   allow-unsafe-pr-checkout: false
Generic, canonical-identity and serialization rows on a real devnet	Run actions/checkout@v6	2026-09-12T10:24:21.3816819Z env:
Generic, canonical-identity and serialization rows on a real devnet	Run actions/checkout@v6	2026-09-12T10:24:21.3817616Z   XDG_CACHE_HOME: /srv/ci-work/runner-2/work/_temp/nix-cache-34688189788-1-conformance
Generic, canonical-identity and serialization rows on a real devnet	Run actions/checkout@v6	2026-09-12T10:24:21.3818742Z ##[endgroup]
Generic, canonical-identity and serialization rows on a real devnet	Run actions/checkout@v6	2026-09-12T10:24:21.5103406Z Syncing repository: lambdasistemi/singular
Generic, canonical-identity and serialization rows on a real devnet	Run actions/checkout@v6	2026-09-12T10:24:21.5107641Z ##[group]Getting Git version info
Generic, canonical-identity and serialization rows on a real devnet	Run actions/checkout@v6	2026-09-12T10:24:21.5109636Z Working directory is '/srv/ci-work/runner-2/work/singular/singular'
Generic, canonical-identity and serialization rows on a real devnet	Run actions/checkout@v6	2026-09-12T10:24:21.5112536Z [command]/nix/store/ipwndaag56mm8g8gn8j98z0jvn8x4mk1-git-2.52.0/bin/git version
Generic, canonical-identity and serialization rows on a real devnet	Run actions/checkout@v6	2026-09-12T10:24:21.5114282Z git version 2.52.0
Generic, canonical-identity and serialization rows on a real devnet	Run actions/checkout@v6	2026-09-12T10:24:21.5117719Z ##[endgroup]
Generic, canonical-identity and serialization rows on a real devnet	Run actions/checkout@v6	2026-09-12T10:24:21.5126610Z Temporarily overriding HOME='/srv/ci-work/runner-2/work/_temp/a6a4622f-70b1-42d7-94a0-35c4a34e5cdc' before making global git config changes
Generic, canonical-identity and serialization rows on a real devnet	Run actions/checkout@v6	2026-09-12T10:24:21.5129814Z Adding repository directory to the temporary git global config as a safe directory
Generic, canonical-identity and serialization rows on a real devnet	Run actions/checkout@v6	2026-09-12T10:24:21.5133103Z [command]/nix/store/ipwndaag56mm8g8gn8j98z0jvn8x4mk1-git-2.52.0/bin/git config --global --add safe.directory /srv/ci-work/runner-2/work/singular/singular
Generic, canonical-identity and serialization rows on a real devnet	Run actions/checkout@v6	2026-09-12T10:24:21.5138140Z [command]/nix/store/ipwndaag56mm8g8gn8j98z0jvn8x4mk1-git-2.52.0/bin/git config --local --get remote.origin.url
Generic, canonical-identity and serialization rows on a real devnet	Run actions/checkout@v6	2026-09-12T10:24:21.5143516Z https://github.com/lambdasistemi/singular
Generic, canonical-identity and serialization rows on a real devnet	Run actions/checkout@v6	2026-09-12T10:24:21.5156422Z ##[group]Removing previously created refs, to avoid conflicts
Generic, canonical-identity and serialization rows on a real devnet	Run actions/checkout@v6	2026-09-12T10:24:21.5160206Z [command]/nix/store/ipwndaag56mm8g8gn8j98z0jvn8x4mk1-git-2.52.0/bin/git rev-parse --symbolic-full-name --verify --quiet HEAD
Generic, canonical-identity and serialization rows on a real devnet	Run actions/checkout@v6	2026-09-12T10:24:21.5187802Z HEAD
Generic, canonical-identity and serialization rows on a real devnet	Run actions/checkout@v6	2026-09-12T10:24:21.5233819Z ##[endgroup]
Generic, canonical-identity and serialization rows on a real devnet	Run actions/checkout@v6	2026-09-12T10:24:21.5235537Z [command]/nix/store/ipwndaag56mm8g8gn8j98z0jvn8x4mk1-git-2.52.0/bin/git submodule status
Generic, canonical-identity and serialization rows on a real devnet	Run actions/checkout@v6	2026-09-12T10:24:21.5617132Z ##[group]Cleaning the repository
Generic, canonical-identity and serialization rows on a real devnet	Run actions/checkout@v6	2026-09-12T10:24:21.5621997Z [command]/nix/store/ipwndaag56mm8g8gn8j98z0jvn8x4mk1-git-2.52.0/bin/git clean -ffdx
Generic, canonical-identity and serialization rows on a real devnet	Run actions/checkout@v6	2026-09-12T10:24:21.5671343Z Removing tools/__pycache__/
Generic, canonical-identity and serialization rows on a real devnet	Run actions/checkout@v6	2026-09-12T10:24:21.5680778Z [command]/nix/store/ipwndaag56mm8g8gn8j98z0jvn8x4mk1-git-2.52.0/bin/git reset --hard HEAD
Generic, canonical-identity and serialization rows on a real devnet	Run actions/checkout@v6	2026-09-12T10:24:21.5760490Z HEAD is now at 404c79d merge main: pick up the coverage-tests app added by PR 86
Generic, canonical-identity and serialization rows on a real devnet	Run actions/checkout@v6	2026-09-12T10:24:21.5766603Z ##[endgroup]
Generic, canonical-identity and serialization rows on a real devnet	Run actions/checkout@v6	2026-09-12T10:24:21.5768589Z ##[group]Disabling automatic garbage collection
Generic, canonical-identity and serialization rows on a real devnet	Run actions/checkout@v6	2026-09-12T10:24:21.5773034Z [command]/nix/store/ipwndaag56mm8g8gn8j98z0jvn8x4mk1-git-2.52.0/bin/git config --local gc.auto 0
Generic, canonical-identity and serialization rows on a real devnet	Run actions/checkout@v6	2026-09-12T10:24:21.5810514Z ##[endgroup]
Generic, canonical-identity and serialization rows on a real devnet	Run actions/checkout@v6	2026-09-12T10:24:21.5811420Z ##[group]Setting up auth
Generic, canonical-identity and serialization rows on a real devnet	Run actions/checkout@v6	2026-09-12T10:24:21.5812097Z Removing SSH command configuration
Generic, canonical-identity and serialization rows on a real devnet	Run actions/checkout@v6	2026-09-12T10:24:21.5817991Z [command]/nix/store/ipwndaag56mm8g8gn8j98z0jvn8x4mk1-git-2.52.0/bin/git config --local --name-only --get-regexp core\.sshCommand
Generic, canonical-identity and serialization rows on a real devnet	Run actions/checkout@v6	2026-09-12T10:24:21.5871783Z [command]/nix/store/ipwndaag56mm8g8gn8j98z0jvn8x4mk1-git-2.52.0/bin/git submodule foreach --recursive sh -c "git config --local --name-only --get-regexp 'core\.sshCommand' && git config --local --unset-all 'core.sshCommand' || :"
Generic, canonical-identity and serialization rows on a real devnet	Run actions/checkout@v6	2026-09-12T10:24:21.6284464Z Removing HTTP extra header
Generic, canonical-identity and serialization rows on a real devnet	Run actions/checkout@v6	2026-09-12T10:24:21.6290900Z [command]/nix/store/ipwndaag56mm8g8gn8j98z0jvn8x4mk1-git-2.52.0/bin/git config --local --name-only --get-regexp http\.https\:\/\/github\.com\/\.extraheader
Generic, canonical-identity and serialization rows on a real devnet	Run actions/checkout@v6	2026-09-12T10:24:21.6346951Z [command]/nix/store/ipwndaag56mm8g8gn8j98z0jvn8x4mk1-git-2.52.0/bin/git submodule foreach --recursive sh -c "git config --local --name-only --get-regexp 'http\.https\:\/\/github\.com\/\.extraheader' && git config --local --unset-all 'http.https://github.com/.extraheader' || :"
Generic, canonical-identity and serialization rows on a real devnet	Run actions/checkout@v6	2026-09-12T10:24:21.6754943Z Removing includeIf entries pointing to credentials config files
Generic, canonical-identity and serialization rows on a real devnet	Run actions/checkout@v6	2026-09-12T10:24:21.6760594Z [command]/nix/store/ipwndaag56mm8g8gn8j98z0jvn8x4mk1-git-2.52.0/bin/git config --local --name-only --get-regexp ^includeIf\.gitdir:
Generic, canonical-identity and serialization rows on a real devnet	Run actions/checkout@v6	2026-09-12T10:24:21.6816687Z [command]/nix/store/ipwndaag56mm8g8gn8j98z0jvn8x4mk1-git-2.52.0/bin/git submodule foreach --recursive git config --local --show-origin --name-only --get-regexp remote.origin.url
Generic, canonical-identity and serialization rows on a real devnet	Run actions/checkout@v6	2026-09-12T10:24:21.7231160Z [command]/nix/store/ipwndaag56mm8g8gn8j98z0jvn8x4mk1-git-2.52.0/bin/git config --file /srv/ci-work/runner-2/work/_temp/git-credentials-c658a7cf-b6dc-4315-ae1a-48892d034882.config http.https://github.com/.extraheader AUTHORIZATION: basic ***
Generic, canonical-identity and serialization rows on a real devnet	Run actions/checkout@v6	2026-09-12T10:24:21.7283923Z [command]/nix/store/ipwndaag56mm8g8gn8j98z0jvn8x4mk1-git-2.52.0/bin/git config --local includeIf.gitdir:/srv/ci-work/runner-2/work/singular/singular/.git.path /srv/ci-work/runner-2/work/_temp/git-credentials-c658a7cf-b6dc-4315-ae1a-48892d034882.config
Generic, canonical-identity and serialization rows on a real devnet	Run actions/checkout@v6	2026-09-12T10:24:21.7324994Z [command]/nix/store/ipwndaag56mm8g8gn8j98z0jvn8x4mk1-git-2.52.0/bin/git config --local includeIf.gitdir:/srv/ci-work/runner-2/work/singular/singular/.git/worktrees/*.path /srv/ci-work/runner-2/work/_temp/git-credentials-c658a7cf-b6dc-4315-ae1a-48892d034882.config
Generic, canonical-identity and serialization rows on a real devnet	Run actions/checkout@v6	2026-09-12T10:24:21.7373660Z [command]/nix/store/ipwndaag56mm8g8gn8j98z0jvn8x4mk1-git-2.52.0/bin/git config --local includeIf.gitdir:/github/workspace/.git.path /github/runner_temp/git-credentials-c658a7cf-b6dc-4315-ae1a-48892d034882.config
Generic, canonical-identity and serialization rows on a real devnet	Run actions/checkout@v6	2026-09-12T10:24:21.7419555Z [command]/nix/store/ipwndaag56mm8g8gn8j98z0jvn8x4mk1-git-2.52.0/bin/git config --local includeIf.gitdir:/github/workspace/.git/worktrees/*.path /github/runner_temp/git-credentials-c658a7cf-b6dc-4315-ae1a-48892d034882.config
Generic, canonical-identity and serialization rows on a real devnet	Run actions/checkout@v6	2026-09-12T10:24:21.7460657Z ##[endgroup]
Generic, canonical-identity and serialization rows on a real devnet	Run actions/checkout@v6	2026-09-12T10:24:21.7461638Z ##[group]Fetching the repository
Generic, canonical-identity and serialization rows on a real devnet	Run actions/checkout@v6	2026-09-12T10:24:21.7469425Z [command]/nix/store/ipwndaag56mm8g8gn8j98z0jvn8x4mk1-git-2.52.0/bin/git -c protocol.version=2 fetch --no-tags --prune --no-recurse-submodules --depth=1 origin 404c79d2cdc184e8a04ab3787ea5e47abe2d4681
Generic, canonical-identity and serialization rows on a real devnet	Run actions/checkout@v6	2026-09-12T10:24:22.2772076Z From https://github.com/lambdasistemi/singular
Generic, canonical-identity and serialization rows on a real devnet	Run actions/checkout@v6	2026-09-12T10:24:22.2774900Z  * branch            404c79d2cdc184e8a04ab3787ea5e47abe2d4681 -> FETCH_HEAD
Generic, canonical-identity and serialization rows on a real devnet	Run actions/checkout@v6	2026-09-12T10:24:22.2807398Z [command]/nix/store/ipwndaag56mm8g8gn8j98z0jvn8x4mk1-git-2.52.0/bin/git rev-parse --verify --quiet 404c79d2cdc184e8a04ab3787ea5e47abe2d4681^{object}
Generic, canonical-identity and serialization rows on a real devnet	Run actions/checkout@v6	2026-09-12T10:24:22.2847396Z 404c79d2cdc184e8a04ab3787ea5e47abe2d4681
Generic, canonical-identity and serialization rows on a real devnet	Run actions/checkout@v6	2026-09-12T10:24:22.2851919Z ##[endgroup]
Generic, canonical-identity and serialization rows on a real devnet	Run actions/checkout@v6	2026-09-12T10:24:22.2853322Z ##[group]Determining the checkout info
Generic, canonical-identity and serialization rows on a real devnet	Run actions/checkout@v6	2026-09-12T10:24:22.2854934Z ##[endgroup]
Generic, canonical-identity and serialization rows on a real devnet	Run actions/checkout@v6	2026-09-12T10:24:22.2859003Z [command]/nix/store/ipwndaag56mm8g8gn8j98z0jvn8x4mk1-git-2.52.0/bin/git sparse-checkout disable
Generic, canonical-identity and serialization rows on a real devnet	Run actions/checkout@v6	2026-09-12T10:24:22.2940182Z [command]/nix/store/ipwndaag56mm8g8gn8j98z0jvn8x4mk1-git-2.52.0/bin/git config --local --unset-all extensions.worktreeConfig
Generic, canonical-identity and serialization rows on a real devnet	Run actions/checkout@v6	2026-09-12T10:24:22.2978726Z ##[group]Checking out the ref
Generic, canonical-identity and serialization rows on a real devnet	Run actions/checkout@v6	2026-09-12T10:24:22.2981784Z [command]/nix/store/ipwndaag56mm8g8gn8j98z0jvn8x4mk1-git-2.52.0/bin/git checkout --progress --force 404c79d2cdc184e8a04ab3787ea5e47abe2d4681
Generic, canonical-identity and serialization rows on a real devnet	Run actions/checkout@v6	2026-09-12T10:24:22.3038089Z HEAD is now at 404c79d merge main: pick up the coverage-tests app added by PR 86
Generic, canonical-identity and serialization rows on a real devnet	Run actions/checkout@v6	2026-09-12T10:24:22.3047572Z ##[endgroup]
Generic, canonical-identity and serialization rows on a real devnet	Run actions/checkout@v6	2026-09-12T10:24:22.3111108Z [command]/nix/store/ipwndaag56mm8g8gn8j98z0jvn8x4mk1-git-2.52.0/bin/git log -1 --format=%H
Generic, canonical-identity and serialization rows on a real devnet	Run actions/checkout@v6	2026-09-12T10:24:22.3157397Z 404c79d2cdc184e8a04ab3787ea5e47abe2d4681
Generic, canonical-identity and serialization rows on a real devnet	Run cachix/cachix-action@v17	﻿2026-09-12T10:24:22.3763374Z ##[group]Run cachix/cachix-action@v17
Generic, canonical-identity and serialization rows on a real devnet	Run cachix/cachix-action@v17	2026-09-12T10:24:22.3765633Z with:
Generic, canonical-identity and serialization rows on a real devnet	Run cachix/cachix-action@v17	2026-09-12T10:24:22.3766966Z   name: paolino
Generic, canonical-identity and serialization rows on a real devnet	Run cachix/cachix-action@v17	2026-09-12T10:24:22.3775907Z   authToken: ***
Generic, canonical-identity and serialization rows on a real devnet	Run cachix/cachix-action@v17	2026-09-12T10:24:22.3777475Z   skipPush: false
Generic, canonical-identity and serialization rows on a real devnet	Run cachix/cachix-action@v17	2026-09-12T10:24:22.3779145Z   useDaemon: true
Generic, canonical-identity and serialization rows on a real devnet	Run cachix/cachix-action@v17	2026-09-12T10:24:22.3780816Z   skipAddingSubstituter: false
Generic, canonical-identity and serialization rows on a real devnet	Run cachix/cachix-action@v17	2026-09-12T10:24:22.3782599Z env:
Generic, canonical-identity and serialization rows on a real devnet	Run cachix/cachix-action@v17	2026-09-12T10:24:22.3784700Z   XDG_CACHE_HOME: /srv/ci-work/runner-2/work/_temp/nix-cache-34688189788-1-conformance
Generic, canonical-identity and serialization rows on a real devnet	Run cachix/cachix-action@v17	2026-09-12T10:24:22.3787639Z ##[endgroup]
Generic, canonical-identity and serialization rows on a real devnet	Run cachix/cachix-action@v17	2026-09-12T10:24:22.4764614Z ##[group]Cachix: checking version
Generic, canonical-identity and serialization rows on a real devnet	Run cachix/cachix-action@v17	2026-09-12T10:24:22.4779556Z [command]/nix/store/8c85nnzmy656jara9bdqgblwb8k02fjw-cachix-1.10.1-bin/bin/cachix --version
Generic, canonical-identity and serialization rows on a real devnet	Run cachix/cachix-action@v17	2026-09-12T10:24:22.5181603Z cachix 1.10.1
Generic, canonical-identity and serialization rows on a real devnet	Run cachix/cachix-action@v17	2026-09-12T10:24:22.5258040Z ##[endgroup]
Generic, canonical-identity and serialization rows on a real devnet	Run cachix/cachix-action@v17	2026-09-12T10:24:22.5263748Z [command]/nix/store/8c85nnzmy656jara9bdqgblwb8k02fjw-cachix-1.10.1-bin/bin/cachix authtoken ***
Generic, canonical-identity and serialization rows on a real devnet	Run cachix/cachix-action@v17	2026-09-12T10:24:22.5639098Z Written to /srv/ci-work/runner-2/work/.config/cachix/cachix.dhall
Generic, canonical-identity and serialization rows on a real devnet	Run cachix/cachix-action@v17	2026-09-12T10:24:22.5697940Z ##[group]Cachix: using cache paolino
Generic, canonical-identity and serialization rows on a real devnet	Run cachix/cachix-action@v17	2026-09-12T10:24:22.5699996Z [command]/nix/store/8c85nnzmy656jara9bdqgblwb8k02fjw-cachix-1.10.1-bin/bin/cachix use paolino
Generic, canonical-identity and serialization rows on a real devnet	Run cachix/cachix-action@v17	2026-09-12T10:24:22.9173724Z Configured https://paolino.cachix.org binary cache in /srv/ci-work/runner-2/work/.config/nix/nix.conf
Generic, canonical-identity and serialization rows on a real devnet	Run cachix/cachix-action@v17	2026-09-12T10:24:22.9442440Z ##[endgroup]
Generic, canonical-identity and serialization rows on a real devnet	Run the unit suite as a packaged app without a dev shell	﻿2026-09-12T10:24:23.0317220Z ##[group]Run nix run --quiet .#conformance-tests
Generic, canonical-identity and serialization rows on a real devnet	Run the unit suite as a packaged app without a dev shell	2026-09-12T10:24:23.0319081Z [36;1mnix run --quiet .#conformance-tests[0m
Generic, canonical-identity and serialization rows on a real devnet	Run the unit suite as a packaged app without a dev shell	2026-09-12T10:24:23.0324592Z shell: /nix/store/x12lw455sq6qy2wcya85d7rb88ybc3df-bash-interactive-5.3p9/bin/bash -e {0}
Generic, canonical-identity and serialization rows on a real devnet	Run the unit suite as a packaged app without a dev shell	2026-09-12T10:24:23.0327139Z env:
Generic, canonical-identity and serialization rows on a real devnet	Run the unit suite as a packaged app without a dev shell	2026-09-12T10:24:23.0328824Z   XDG_CACHE_HOME: /srv/ci-work/runner-2/work/_temp/nix-cache-34688189788-1-conformance
Generic, canonical-identity and serialization rows on a real devnet	Run the unit suite as a packaged app without a dev shell	2026-09-12T10:24:23.0332551Z   NIX_USER_CONF_FILES: /srv/ci-work/runner-2/work/_temp/cachixnSCqjt/nix.conf:/srv/ci-work/runner-2/work/.config/nix/nix.conf:/etc/xdg/nix/nix.conf
Generic, canonical-identity and serialization rows on a real devnet	Run the unit suite as a packaged app without a dev shell	2026-09-12T10:24:23.0336030Z   CACHIX_DAEMON_DIR: /srv/ci-work/runner-2/work/_temp/cachixnSCqjt
Generic, canonical-identity and serialization rows on a real devnet	Run the unit suite as a packaged app without a dev shell	2026-09-12T10:24:23.0337759Z ##[endgroup]
Generic, canonical-identity and serialization rows on a real devnet	Run the unit suite as a packaged app without a dev shell	2026-09-12T10:24:46.6321116Z 
Generic, canonical-identity and serialization rows on a real devnet	Run the unit suite as a packaged app without a dev shell	2026-09-12T10:24:46.6321831Z Receipt
Generic, canonical-identity and serialization rows on a real devnet	Run the unit suite as a packaged app without a dev shell	2026-09-12T10:24:46.6323124Z   round-trips every verdict class [[32m✔[0m]
Generic, canonical-identity and serialization rows on a real devnet	Run the unit suite as a packaged app without a dev shell	2026-09-12T10:24:46.6325693Z   loads the fixture receipts [[32m✔[0m]
Generic, canonical-identity and serialization rows on a real devnet	Run the unit suite as a packaged app without a dev shell	2026-09-12T10:24:46.6335596Z   shows executed only with a base-matching receipt [[32m✔[0m]
Generic, canonical-identity and serialization rows on a real devnet	Run the unit suite as a packaged app without a dev shell	2026-09-12T10:24:46.6345526Z   shows the refused fixture row executed with its receipt [[32m✔[0m]
Generic, canonical-identity and serialization rows on a real devnet	Run the unit suite as a packaged app without a dev shell	2026-09-12T10:24:46.6347037Z   rejects an accepted receipt with no transactions [[32m✔[0m]
Generic, canonical-identity and serialization rows on a real devnet	Run the unit suite as a packaged app without a dev shell	2026-09-12T10:24:46.6350401Z   rejects a refused receipt with no attribution [[32m✔[0m]
Generic, canonical-identity and serialization rows on a real devnet	Run the unit suite as a packaged app without a dev shell	2026-09-12T10:24:46.6351000Z   rejects two receipts for one row [[32m✔[0m]
Generic, canonical-identity and serialization rows on a real devnet	Run the unit suite as a packaged app without a dev shell	2026-09-12T10:24:46.6352334Z   rejects a malformed receipt naming the file [[32m✔[0m]
Generic, canonical-identity and serialization rows on a real devnet	Run the unit suite as a packaged app without a dev shell	2026-09-12T10:24:46.6353951Z   rejects a receipt with an unknown venue [[32m✔[0m]
Generic, canonical-identity and serialization rows on a real devnet	Run the unit suite as a packaged app without a dev shell	2026-09-12T10:24:46.6355628Z   rejects a node-submit refusal with no rejected id [[32m✔[0m]
Generic, canonical-identity and serialization rows on a real devnet	Run the unit suite as a packaged app without a dev shell	2026-09-12T10:24:46.6357254Z   rejects an accepted receipt naming a rejected id [[32m✔[0m]
Generic, canonical-identity and serialization rows on a real devnet	Run the unit suite as a packaged app without a dev shell	2026-09-12T10:24:46.6359130Z   accepts a blueprint-check receipt with no transactions [[32m✔[0m]
Generic, canonical-identity and serialization rows on a real devnet	Run the unit suite as a packaged app without a dev shell	2026-09-12T10:24:46.6360916Z   accepts a param-check receipt with no transactions [[32m✔[0m]
Generic, canonical-identity and serialization rows on a real devnet	Run the unit suite as a packaged app without a dev shell	2026-09-12T10:24:46.6362692Z   rejects a blueprint-check receipt naming transactions [[32m✔[0m]
Generic, canonical-identity and serialization rows on a real devnet	Run the unit suite as a packaged app without a dev shell	2026-09-12T10:24:46.6363570Z   accepts a small receipt under the size bound [[32m✔[0m]
Generic, canonical-identity and serialization rows on a real devnet	Run the unit suite as a packaged app without a dev shell	2026-09-12T10:24:46.6371790Z   rejects an oversized receipt naming the row [[32m✔[0m]
Generic, canonical-identity and serialization rows on a real devnet	Run the unit suite as a packaged app without a dev shell	2026-09-12T10:24:46.6372244Z Refusal
Generic, canonical-identity and serialization rows on a real devnet	Run the unit suite as a packaged app without a dev shell	2026-09-12T10:24:46.6372696Z   accepts a phase-2 failure naming the script [[32m✔[0m]
Generic, canonical-identity and serialization rows on a real devnet	Run the unit suite as a packaged app without a dev shell	2026-09-12T10:24:46.6373336Z   accepts a build-evaluation failure naming the script [[32m✔[0m]
Generic, canonical-identity and serialization rows on a real devnet	Run the unit suite as a packaged app without a dev shell	2026-09-12T10:24:46.6373994Z   rejects a phase-1 refusal without PlutusFailure [[32m✔[0m]
Generic, canonical-identity and serialization rows on a real devnet	Run the unit suite as a packaged app without a dev shell	2026-09-12T10:24:46.6374632Z   rejects marker-only text with no phase-2 vocabulary [[32m✔[0m]
Generic, canonical-identity and serialization rows on a real devnet	Run the unit suite as a packaged app without a dev shell	2026-09-12T10:24:46.6375270Z   rejects a phase-2 failure naming another script [[32m✔[0m]
Generic, canonical-identity and serialization rows on a real devnet	Run the unit suite as a packaged app without a dev shell	2026-09-12T10:24:46.6375880Z   never matches the wrong-reason control marker [[32m✔[0m]
Generic, canonical-identity and serialization rows on a real devnet	Run the unit suite as a packaged app without a dev shell	2026-09-12T10:24:46.6376577Z   trims the script binary out of an eval refusal [[32m✔[0m]
Generic, canonical-identity and serialization rows on a real devnet	Run the unit suite as a packaged app without a dev shell	2026-09-12T10:24:46.6377156Z   marks an unknown refusal shape unparsed [[32m✔[0m]
Generic, canonical-identity and serialization rows on a real devnet	Run the unit suite as a packaged app without a dev shell	2026-09-12T10:24:46.6377791Z   keeps every failed script hash when two scripts fail [[32m✔[0m]
Generic, canonical-identity and serialization rows on a real devnet	Run the unit suite as a packaged app without a dev shell	2026-09-12T10:24:46.6378554Z   trims the node-submit shape to its attribution [[32m✔[0m]
Generic, canonical-identity and serialization rows on a real devnet	Run the unit suite as a packaged app without a dev shell	2026-09-12T10:24:46.6379102Z   receipt policy (A-002)
Generic, canonical-identity and serialization rows on a real devnet	Run the unit suite as a packaged app without a dev shell	2026-09-12T10:24:46.6382362Z     a refused control never overwrites the row's held receipt [[32m✔[0m]
Generic, canonical-identity and serialization rows on a real devnet	Run the unit suite as a packaged app without a dev shell	2026-09-12T10:24:46.6386158Z     a refusal row writes its refused receipt [[32m✔[0m]
Generic, canonical-identity and serialization rows on a real devnet	Run the unit suite as a packaged app without a dev shell	2026-09-12T10:24:46.6386887Z     a control refusal writes nothing even where no receipts directory exists [[32m✔[0m]
Generic, canonical-identity and serialization rows on a real devnet	Run the unit suite as a packaged app without a dev shell	2026-09-12T10:24:46.6388396Z     a refusal that does not attribute writes nothing and says why [[32m✔[0m]
Generic, canonical-identity and serialization rows on a real devnet	Run the unit suite as a packaged app without a dev shell	2026-09-12T10:24:46.6388899Z Rows
Generic, canonical-identity and serialization rows on a real devnet	Run the unit suite as a packaged app without a dev shell	2026-09-12T10:24:46.6391375Z   loads the committed inventory: 42 rows, 41 owned, unique ids [[32m✔[0m]
Generic, canonical-identity and serialization rows on a real devnet	Run the unit suite as a packaged app without a dev shell	2026-09-12T10:24:46.6393751Z   records CK06 out of scope under cardano-keri [[32m✔[0m]
Generic, canonical-identity and serialization rows on a real devnet	Run the unit suite as a packaged app without a dev shell	2026-09-12T10:24:46.6405407Z   carries no executed rows in the committed file [[32m✔[0m]
Generic, canonical-identity and serialization rows on a real devnet	Run the unit suite as a packaged app without a dev shell	2026-09-12T10:24:46.6406188Z   rejects an empty inventory [[32m✔[0m]
Generic, canonical-identity and serialization rows on a real devnet	Run the unit suite as a packaged app without a dev shell	2026-09-12T10:24:46.6407927Z   rejects a shortened inventory naming the count [[32m✔[0m]
Generic, canonical-identity and serialization rows on a real devnet	Run the unit suite as a packaged app without a dev shell	2026-09-12T10:24:46.6410275Z   rejects duplicate row ids [[32m✔[0m]
Generic, canonical-identity and serialization rows on a real devnet	Run the unit suite as a packaged app without a dev shell	2026-09-12T10:24:46.6410905Z   rejects an unknown row state [[32m✔[0m]
Generic, canonical-identity and serialization rows on a real devnet	Run the unit suite as a packaged app without a dev shell	2026-09-12T10:24:46.6411555Z   rejects the executed state in rows.json [[32m✔[0m]
Generic, canonical-identity and serialization rows on a real devnet	Run the unit suite as a packaged app without a dev shell	2026-09-12T10:24:46.6411947Z 
Generic, canonical-identity and serialization rows on a real devnet	Run the unit suite as a packaged app without a dev shell	2026-09-12T10:24:46.6412157Z Finished in 0.0092 seconds
Generic, canonical-identity and serialization rows on a real devnet	Run the unit suite as a packaged app without a dev shell	2026-09-12T10:24:46.6412640Z [32m38 examples, 0 failures[0m
Generic, canonical-identity and serialization rows on a real devnet	List the inventory as a packaged app without a dev shell	﻿2026-09-12T10:24:46.6510046Z ##[group]Run nix run --quiet .#conformance -- list
Generic, canonical-identity and serialization rows on a real devnet	List the inventory as a packaged app without a dev shell	2026-09-12T10:24:46.6510607Z [36;1mnix run --quiet .#conformance -- list[0m
Generic, canonical-identity and serialization rows on a real devnet	List the inventory as a packaged app without a dev shell	2026-09-12T10:24:46.6512866Z shell: /nix/store/x12lw455sq6qy2wcya85d7rb88ybc3df-bash-interactive-5.3p9/bin/bash -e {0}
Generic, canonical-identity and serialization rows on a real devnet	List the inventory as a packaged app without a dev shell	2026-09-12T10:24:46.6513469Z env:
Generic, canonical-identity and serialization rows on a real devnet	List the inventory as a packaged app without a dev shell	2026-09-12T10:24:46.6513911Z   XDG_CACHE_HOME: /srv/ci-work/runner-2/work/_temp/nix-cache-34688189788-1-conformance
Generic, canonical-identity and serialization rows on a real devnet	List the inventory as a packaged app without a dev shell	2026-09-12T10:24:46.6514852Z   NIX_USER_CONF_FILES: /srv/ci-work/runner-2/work/_temp/cachixnSCqjt/nix.conf:/srv/ci-work/runner-2/work/.config/nix/nix.conf:/etc/xdg/nix/nix.conf
Generic, canonical-identity and serialization rows on a real devnet	List the inventory as a packaged app without a dev shell	2026-09-12T10:24:46.6515724Z   CACHIX_DAEMON_DIR: /srv/ci-work/runner-2/work/_temp/cachixnSCqjt
Generic, canonical-identity and serialization rows on a real devnet	List the inventory as a packaged app without a dev shell	2026-09-12T10:24:46.6516183Z ##[endgroup]
Generic, canonical-identity and serialization rows on a real devnet	List the inventory as a packaged app without a dev shell	2026-09-12T10:25:17.7192332Z id	group	expected	state	requirement
Generic, canonical-identity and serialization rows on a real devnet	List the inventory as a packaged app without a dev shell	2026-09-12T10:25:17.7193569Z CA01	CA	accept	uncovered	The canonical registry token name is SHA-256 of the canonical seed's outRef; a consumer recomputes it from the published seed and matches the on-chain state UTxO.
Generic, canonical-identity and serialization rows on a real devnet	List the inventory as a packaged app without a dev shell	2026-09-12T10:25:17.7195900Z CA02	CA	rival accepted on chain; authentication rejects	uncovered	A rival registry initialized from a second seed exists and is accepted by the ledger; canonical authentication rejects it on name.
Generic, canonical-identity and serialization rows on a real devnet	List the inventory as a packaged app without a dev shell	2026-09-12T10:25:17.7197677Z CA03	CA	control must fail	uncovered	Negative control: an authenticator that checks only policy+address, not the derived name, accepts the rival.
Generic, canonical-identity and serialization rows on a real devnet	List the inventory as a packaged app without a dev shell	2026-09-12T10:25:17.7199694Z CA04	CA	accept	uncovered	Applied and unapplied validator identity layers stay distinct and derived: applied address = apply(pinned unapplied hash, declared parameters); parameter count published.
Generic, canonical-identity and serialization rows on a real devnet	List the inventory as a packaged app without a dev shell	2026-09-12T10:25:17.7201702Z CA05	CA	authentication rejects; no script ran	uncovered	A forged output at the canonical address carrying no registry token is not a registry: creating an output does not execute the receiving script.
Generic, canonical-identity and serialization rows on a real devnet	List the inventory as a packaged app without a dev shell	2026-09-12T10:25:17.7203295Z CG01	CG	accept	bound-elsewhere	Generic Insert: request, fold, leaf present, root advances, read back from chain.
Generic, canonical-identity and serialization rows on a real devnet	List the inventory as a packaged app without a dev shell	2026-09-12T10:25:17.7204570Z CG02	CG	accept	uncovered	Generic Update (OpUpdate old new) on an existing key folds; the root advances and the new value reads back from chain.
Generic, canonical-identity and serialization rows on a real devnet	List the inventory as a packaged app without a dev shell	2026-09-12T10:25:17.7205967Z CG03	CG	accept	uncovered	Generic Delete (OpDelete old) on an existing key folds; the key returns to absence, proved by a read from chain.
Generic, canonical-identity and serialization rows on a real devnet	List the inventory as a packaged app without a dev shell	2026-09-12T10:25:17.7207025Z CG04	CG	accept	uncovered	After CG03, re-Insert the same key (reincarnation).
Generic, canonical-identity and serialization rows on a real devnet	List the inventory as a packaged app without a dev shell	2026-09-12T10:25:17.7207993Z CG05	CG	refuse, attributed to the script that refused	uncovered	Insert on a key that is already present.
Generic, canonical-identity and serialization rows on a real devnet	List the inventory as a packaged app without a dev shell	2026-09-12T10:25:17.7209040Z CG06	CG	accept; root unchanged	bound-elsewhere	Retract in phase 2 returns bond+tip, registry untouched.
Generic, canonical-identity and serialization rows on a real devnet	List the inventory as a packaged app without a dev shell	2026-09-12T10:25:17.7209830Z CG07	CG	refuse	uncovered	Retract outside phase 2.
Generic, canonical-identity and serialization rows on a real devnet	List the inventory as a packaged app without a dev shell	2026-09-12T10:25:17.7210354Z CG08	CG	accept	bound-elsewhere	Rejected when rejectable.
Generic, canonical-identity and serialization rows on a real devnet	List the inventory as a packaged app without a dev shell	2026-09-12T10:25:17.7210917Z CG09	CG	refuse	uncovered	Rejected when not rejectable.
Generic, canonical-identity and serialization rows on a real devnet	List the inventory as a packaged app without a dev shell	2026-09-12T10:25:17.7211500Z CG10	CG	refuse	uncovered	Stale fold against a superseded root.
Generic, canonical-identity and serialization rows on a real devnet	List the inventory as a packaged app without a dev shell	2026-09-12T10:25:17.7212109Z CG11	CG	observe and report	uncovered	Empty fold (Modify []).
Generic, canonical-identity and serialization rows on a real devnet	List the inventory as a packaged app without a dev shell	2026-09-12T10:25:17.7212834Z CG12	CG	observe and report	uncovered	Surplus actions beyond the matched request inputs.
Generic, canonical-identity and serialization rows on a real devnet	List the inventory as a packaged app without a dev shell	2026-09-12T10:25:17.7214407Z CG13	CG	observe — defect evidence (owner change accepted); resolved-by-ruling	uncovered	Owner/hook pinning: a Modify that changes the state owner.
Generic, canonical-identity and serialization rows on a real devnet	List the inventory as a packaged app without a dev shell	2026-09-12T10:25:17.7216066Z CG14	CG	could-not-execute — superseded imported-partition material	uncovered	stake_script hook set: a fold carrying the matching withdrawal.
Generic, canonical-identity and serialization rows on a real devnet	List the inventory as a packaged app without a dev shell	2026-09-12T10:25:17.7217574Z CG15	CG	could-not-execute — superseded imported-partition material	uncovered	stake_script hook set, withdrawal absent.
Generic, canonical-identity and serialization rows on a real devnet	List the inventory as a packaged app without a dev shell	2026-09-12T10:25:17.7219766Z CG16	CG	superseded — observation preserved, conformance claim withdrawn (registry has no owner role; owner-signed sweep asserted authority that does not exist)	bound-elsewhere	Sweep of a non-legitimate UTxO, owner-signed.
Generic, canonical-identity and serialization rows on a real devnet	List the inventory as a packaged app without a dev shell	2026-09-12T10:25:17.7221610Z CG17	CG	SUPERSEDED by operator ruling (registry has no owner role): observation preserved, claim withdrawn	uncovered	Sweep by a non-owner.
Generic, canonical-identity and serialization rows on a real devnet	List the inventory as a packaged app without a dev shell	2026-09-12T10:25:17.7223029Z CG18	CG	accept	bound-elsewhere	End burns the state token and closes the cage.
Generic, canonical-identity and serialization rows on a real devnet	List the inventory as a packaged app without a dev shell	2026-09-12T10:25:17.7224038Z CG19	CG	observe and report	uncovered	Refund routing: each processed request's exact bond to its owner, tip to the folder.
Generic, canonical-identity and serialization rows on a real devnet	List the inventory as a packaged app without a dev shell	2026-09-12T10:25:17.7226150Z CG20	CG	accept	uncovered	Hold a valid fold constant and remove only the state-owner required signer; the observation (accept or refuse) is recorded with its transaction — the regression property the independent verification (F-002) specified.
Generic, canonical-identity and serialization rows on a real devnet	List the inventory as a packaged app without a dev shell	2026-09-12T10:25:17.7228933Z CK01	CK	accept	uncovered	Present: resolve the active registration's application UTxO from the authenticated canonical registry.
Generic, canonical-identity and serialization rows on a real devnet	List the inventory as a packaged app without a dev shell	2026-09-12T10:25:17.7230018Z CK02	CK	accept	uncovered	The token: exact policy, quantity one, derived asset name.
Generic, canonical-identity and serialization rows on a real devnet	List the inventory as a packaged app without a dev shell	2026-09-12T10:25:17.7231020Z CK03	CK	reject, fail closed	uncovered	Zero candidates resolves to reject.
Generic, canonical-identity and serialization rows on a real devnet	List the inventory as a packaged app without a dev shell	2026-09-12T10:25:17.7232034Z CK04	CK	refuse	uncovered	Several candidates impossible: a second live representative for one registered key cannot be created.
Generic, canonical-identity and serialization rows on a real devnet	List the inventory as a packaged app without a dev shell	2026-09-12T10:25:17.7233360Z CK05	CK	pending	uncovered	Resolve while the representative sits in a pending terminal request: report pending, not a usable output.
Generic, canonical-identity and serialization rows on a real devnet	List the inventory as a packaged app without a dev shell	2026-09-12T10:25:17.7235286Z CK06	CK	out of scope — recorded, never claimed	out-of-scope	Bonds, poison, the juvenility window W and the signature threshold: the checkpoint machine's and the treasury's policy, not Singular's.
Generic, canonical-identity and serialization rows on a real devnet	List the inventory as a packaged app without a dev shell	2026-09-12T10:25:17.7237067Z CL01	CL	recorded	uncovered	Execution units (mem, cpu) and transaction size measured for every accepting row, against the devnet's Conway protocol maxima, with headroom stated.
Generic, canonical-identity and serialization rows on a real devnet	List the inventory as a packaged app without a dev shell	2026-09-12T10:25:17.7238596Z CL02	CL	an actual observed boundary, N accepted and N+1 refused	uncovered	The fold batch-size boundary: the largest Modify batch that succeeds and the smallest that fails, with the failure reason.
Generic, canonical-identity and serialization rows on a real devnet	List the inventory as a packaged app without a dev shell	2026-09-12T10:25:17.7240121Z CL03	CL	recorded from the running node and the pinned flakes	uncovered	Exact environment: cardano-node version, GHC, Aiken toolchain, blueprint hashes, and the environments explicitly not supported.
Generic, canonical-identity and serialization rows on a real devnet	List the inventory as a packaged app without a dev shell	2026-09-12T10:25:17.7241836Z CS01	CS	accept, byte-exact against the blueprint	uncovered	Every ToData/FromData instance in Cardano.MPFS.Cage.Types round-trips, and its constructor index and field order match the compiled blueprint's declared schema, not merely itself.
Generic, canonical-identity and serialization rows on a real devnet	List the inventory as a packaged app without a dev shell	2026-09-12T10:25:17.7243402Z CS02	CS	accept, byte-compare submitted vs chain-observed	uncovered	Datum bytes constructed in Haskell and submitted are read back from the chain identical.
Generic, canonical-identity and serialization rows on a real devnet	List the inventory as a packaged app without a dev shell	2026-09-12T10:25:17.7244841Z CS03	CS	accept, one executing witness per constructor	uncovered	Each UpdateRedeemer constructor (End 0, Contribute 1, Modify 2, Retract 3, Sweep 4) is exercised by a submitted transaction that the validator executed.
Generic, canonical-identity and serialization rows on a real devnet	List the inventory as a packaged app without a dev shell	2026-09-12T10:25:17.7246166Z CS04	CS	refuse, attributed to the script	uncovered	A redeemer at a wrong constructor index is refused by the compiled validator.
Generic, canonical-identity and serialization rows on a real devnet	List the inventory as a packaged app without a dev shell	2026-09-12T10:25:17.7247452Z CS05	CS	accept or explicit gap	uncovered	Each RequestAction (Update 0, Rejected 1) and MintRedeemer (Minting 0, Migrating 1, Burning 2) constructor executed or explicitly recorded unreachable with its reason.
Generic, canonical-identity and serialization rows on a real devnet	List the inventory as a packaged app without a dev shell	2026-09-12T10:25:17.7249106Z CS06	CS	accept	uncovered	Script parameter application: parameter count and encoding published, applied hash derived in Haskell equals the on-chain address for every parameterized script.
Generic, canonical-identity and serialization rows on a real devnet	List the inventory as a packaged app without a dev shell	2026-09-12T10:25:17.7250343Z CS07	CS	accept	uncovered	Each ProofStep variant (Branch 0, Fork 1, Leaf 2) and Neighbor exercised by a fold the validator accepted.
Generic, canonical-identity and serialization rows on a real devnet	List the inventory as a packaged app without a dev shell	2026-09-12T10:25:17.7251546Z CS08	CS	accept	uncovered	OnChainTokenState's six fields (owner, stake_script, root, maxFee, processTime, retractTime) survive a chain round trip with stake_script both None and Some.
Generic, canonical-identity and serialization rows on a real devnet	List the inventory as a packaged app without a dev shell	2026-09-12T10:25:17.7252319Z 
Generic, canonical-identity and serialization rows on a real devnet	List the inventory as a packaged app without a dev shell	2026-09-12T10:25:17.7252528Z 42 rows: 0 executed, 5 bound-elsewhere, 36 uncovered, 1 out-of-scope
Generic, canonical-identity and serialization rows on a real devnet	List the inventory as a packaged app without a dev shell	2026-09-12T10:25:17.7252978Z owned denominator: 41 (CK06 out of scope)
Generic, canonical-identity and serialization rows on a real devnet	Run the generic rows as a packaged app without a dev shell	﻿2026-09-12T10:25:17.7301904Z ##[group]Run set -e
Generic, canonical-identity and serialization rows on a real devnet	Run the generic rows as a packaged app without a dev shell	2026-09-12T10:25:17.7302286Z [36;1mset -e[0m
Generic, canonical-identity and serialization rows on a real devnet	Run the generic rows as a packaged app without a dev shell	2026-09-12T10:25:17.7302724Z [36;1mmpfs="$(nix build --quiet --no-link --print-out-paths ../onchain#plutus-blueprint)"[0m
Generic, canonical-identity and serialization rows on a real devnet	Run the generic rows as a packaged app without a dev shell	2026-09-12T10:25:17.7303343Z [36;1m# The receipts directory is invocation-fresh: stale records[0m
Generic, canonical-identity and serialization rows on a real devnet	Run the generic rows as a packaged app without a dev shell	2026-09-12T10:25:17.7303819Z [36;1m# must never supplement a partial or failed run.[0m
Generic, canonical-identity and serialization rows on a real devnet	Run the generic rows as a packaged app without a dev shell	2026-09-12T10:25:17.7304247Z [36;1mrm -rf ./conformance-receipts[0m
Generic, canonical-identity and serialization rows on a real devnet	Run the generic rows as a packaged app without a dev shell	2026-09-12T10:25:17.7304624Z [36;1mmkdir -p ./conformance-receipts[0m
Generic, canonical-identity and serialization rows on a real devnet	Run the generic rows as a packaged app without a dev shell	2026-09-12T10:25:17.7304973Z [36;1mset +e[0m
Generic, canonical-identity and serialization rows on a real devnet	Run the generic rows as a packaged app without a dev shell	2026-09-12T10:25:17.7305822Z [36;1mMPFS_BLUEPRINT="$mpfs" nix run --quiet .#conformance -- run CG02 CG03 CG04 CG05 CG07 CG09 CG10 CG11 CG12 CG13 CG17 CG19 CG20 --receipts-dir ./conformance-receipts 2>&1 | tee /tmp/generic-rows.log[0m
Generic, canonical-identity and serialization rows on a real devnet	Run the generic rows as a packaged app without a dev shell	2026-09-12T10:25:17.7306934Z [36;1mrun_rc=${PIPESTATUS[0]}[0m
Generic, canonical-identity and serialization rows on a real devnet	Run the generic rows as a packaged app without a dev shell	2026-09-12T10:25:17.7307239Z [36;1mset -e[0m
Generic, canonical-identity and serialization rows on a real devnet	Run the generic rows as a packaged app without a dev shell	2026-09-12T10:25:17.7307685Z [36;1mecho "generic session exit: $run_rc (expected: exactly 1, the handled session-debt exit)"[0m
Generic, canonical-identity and serialization rows on a real devnet	Run the generic rows as a packaged app without a dev shell	2026-09-12T10:25:17.7308430Z [36;1m# --- expected-debt assertion over ACTUAL session results[0m
Generic, canonical-identity and serialization rows on a real devnet	Run the generic rows as a packaged app without a dev shell	2026-09-12T10:25:17.7308915Z [36;1m# --- (A-001, NOTE-002: never success from a bare nonzero or[0m
Generic, canonical-identity and serialization rows on a real devnet	Run the generic rows as a packaged app without a dev shell	2026-09-12T10:25:17.7309393Z [36;1m# --- an error label; build/setup/crash/unknown must FAIL)[0m
Generic, canonical-identity and serialization rows on a real devnet	Run the generic rows as a packaged app without a dev shell	2026-09-12T10:25:17.7309819Z [36;1mhead_sha="$(git rev-parse HEAD)"[0m
Generic, canonical-identity and serialization rows on a real devnet	Run the generic rows as a packaged app without a dev shell	2026-09-12T10:25:17.7310237Z [36;1m# 1. the EXACT intended session-debt status, never "nonzero":[0m
Generic, canonical-identity and serialization rows on a real devnet	Run the generic rows as a packaged app without a dev shell	2026-09-12T10:25:17.7310736Z [36;1m#    Main.hs maps every handled session failure to exit 1, so[0m
Generic, canonical-identity and serialization rows on a real devnet	Run the generic rows as a packaged app without a dev shell	2026-09-12T10:25:17.7311208Z [36;1m#    exit 1 is the intended result ONLY together with the[0m
Generic, canonical-identity and serialization rows on a real devnet	Run the generic rows as a packaged app without a dev shell	2026-09-12T10:25:17.7311648Z [36;1m#    complete terminal evidence asserted below.[0m
Generic, canonical-identity and serialization rows on a real devnet	Run the generic rows as a packaged app without a dev shell	2026-09-12T10:25:17.7312577Z [36;1m[ "$run_rc" -eq 1 ] || { echo "FAIL: session exit $run_rc is not the known session-debt exit 1 — a build/setup/crash exit is an unexamined failure, not expected debt"; exit 1; }[0m
Generic, canonical-identity and serialization rows on a real devnet	Run the generic rows as a packaged app without a dev shell	2026-09-12T10:25:17.7313490Z [36;1m# 2. complete session evidence: all 13 rows executed...[0m
Generic, canonical-identity and serialization rows on a real devnet	Run the generic rows as a packaged app without a dev shell	2026-09-12T10:25:17.7314306Z [36;1mgrep -q 'complete: 13/13 rows ok' /tmp/generic-rows.log || { echo 'FAIL: the session did not complete all 13 rows (mid-run failure or crash)'; exit 1; }[0m
Generic, canonical-identity and serialization rows on a real devnet	Run the generic rows as a packaged app without a dev shell	2026-09-12T10:25:17.7315141Z [36;1m#    ...and the terminal failure is the held-rows debt report[0m
Generic, canonical-identity and serialization rows on a real devnet	Run the generic rows as a packaged app without a dev shell	2026-09-12T10:25:17.7315981Z [36;1mgrep -q 'ROWS THE RUN CANNOT REPORT AS PASSING' /tmp/generic-rows.log || { echo 'FAIL: the terminal failure is not the held-rows debt report'; exit 1; }[0m
Generic, canonical-identity and serialization rows on a real devnet	Run the generic rows as a packaged app without a dev shell	2026-09-12T10:25:17.7316834Z [36;1m# 3. exactly the thirteen rows plus the session CL01, no extras[0m
Generic, canonical-identity and serialization rows on a real devnet	Run the generic rows as a packaged app without a dev shell	2026-09-12T10:25:17.7317519Z [36;1mprintf '%s\n' CG02 CG03 CG04 CG05 CG07 CG09 CG10 CG11 CG12 CG13 CG17 CG19 CG20 CL01 | sort > /tmp/expected-rows.txt[0m
Generic, canonical-identity and serialization rows on a real devnet	Run the generic rows as a packaged app without a dev shell	2026-09-12T10:25:17.7318482Z [36;1mnix run --quiet nixpkgs#jq -- -r '.row' ./conformance-receipts/receipt-*.json | sort > /tmp/receipt-rows.txt[0m
Generic, canonical-identity and serialization rows on a real devnet	Run the generic rows as a packaged app without a dev shell	2026-09-12T10:25:17.7319218Z [36;1m#    Compared with bash builtins, not diff: this step runs a packaged[0m
Generic, canonical-identity and serialization rows on a real devnet	Run the generic rows as a packaged app without a dev shell	2026-09-12T10:25:17.7319790Z [36;1m#    app without a dev shell, and an absent diff previously reported[0m
Generic, canonical-identity and serialization rows on a real devnet	Run the generic rows as a packaged app without a dev shell	2026-09-12T10:25:17.7320345Z [36;1m#    'receipt set mismatch' — an unavailable tool misattributed as a[0m
Generic, canonical-identity and serialization rows on a real devnet	Run the generic rows as a packaged app without a dev shell	2026-09-12T10:25:17.7320926Z [36;1m#    substantive failure. No external command, so no such path remains.[0m
Generic, canonical-identity and serialization rows on a real devnet	Run the generic rows as a packaged app without a dev shell	2026-09-12T10:25:17.7321522Z [36;1mif [ "$(</tmp/expected-rows.txt)" != "$(</tmp/receipt-rows.txt)" ]; then[0m
Generic, canonical-identity and serialization rows on a real devnet	Run the generic rows as a packaged app without a dev shell	2026-09-12T10:25:17.7322060Z [36;1m  echo 'FAIL: receipt set mismatch (missing or extra row)'[0m
Generic, canonical-identity and serialization rows on a real devnet	Run the generic rows as a packaged app without a dev shell	2026-09-12T10:25:17.7322678Z [36;1m  echo '--- expected rows ---'; while IFS= read -r l; do echo "$l"; done < /tmp/expected-rows.txt[0m
Generic, canonical-identity and serialization rows on a real devnet	Run the generic rows as a packaged app without a dev shell	2026-09-12T10:25:17.7323405Z [36;1m  echo '--- receipt rows ---';  while IFS= read -r l; do echo "$l"; done < /tmp/receipt-rows.txt[0m
Generic, canonical-identity and serialization rows on a real devnet	Run the generic rows as a packaged app without a dev shell	2026-09-12T10:25:17.7323929Z [36;1m  exit 1[0m
Generic, canonical-identity and serialization rows on a real devnet	Run the generic rows as a packaged app without a dev shell	2026-09-12T10:25:17.7324166Z [36;1mfi[0m
Generic, canonical-identity and serialization rows on a real devnet	Run the generic rows as a packaged app without a dev shell	2026-09-12T10:25:17.7324496Z [36;1m# 4. exactly the expected verdict per receipt, EVERY receipt[0m
Generic, canonical-identity and serialization rows on a real devnet	Run the generic rows as a packaged app without a dev shell	2026-09-12T10:25:17.7325182Z [36;1m#    bound to this candidate on a clean tree (dirty:false)[0m
Generic, canonical-identity and serialization rows on a real devnet	Run the generic rows as a packaged app without a dev shell	2026-09-12T10:25:17.7325586Z [36;1mexpect_verdict() {[0m
Generic, canonical-identity and serialization rows on a real devnet	Run the generic rows as a packaged app without a dev shell	2026-09-12T10:25:17.7325862Z [36;1m  case "$1" in[0m
Generic, canonical-identity and serialization rows on a real devnet	Run the generic rows as a packaged app without a dev shell	2026-09-12T10:25:17.7326289Z [36;1m    CG02|CG03|CG04|CG05|CG07|CG09|CG10|CG17|CG20|CL01) printf 'agrees-with-model' ;;[0m
Generic, canonical-identity and serialization rows on a real devnet	Run the generic rows as a packaged app without a dev shell	2026-09-12T10:25:17.7326798Z [36;1m    CG11|CG12|CG19) printf 'held-q002' ;;[0m
Generic, canonical-identity and serialization rows on a real devnet	Run the generic rows as a packaged app without a dev shell	2026-09-12T10:25:17.7327175Z [36;1m    CG13) printf 'resolved-by-ruling' ;;[0m
Generic, canonical-identity and serialization rows on a real devnet	Run the generic rows as a packaged app without a dev shell	2026-09-12T10:25:17.7327535Z [36;1m    *) printf 'UNKNOWN-ROW' ;;[0m
Generic, canonical-identity and serialization rows on a real devnet	Run the generic rows as a packaged app without a dev shell	2026-09-12T10:25:17.7327901Z [36;1m  esac[0m
Generic, canonical-identity and serialization rows on a real devnet	Run the generic rows as a packaged app without a dev shell	2026-09-12T10:25:17.7328120Z [36;1m}[0m
Generic, canonical-identity and serialization rows on a real devnet	Run the generic rows as a packaged app without a dev shell	2026-09-12T10:25:17.7328499Z [36;1mfor row in CG02 CG03 CG04 CG05 CG07 CG09 CG10 CG11 CG12 CG13 CG17 CG19 CG20 CL01; do[0m
Generic, canonical-identity and serialization rows on a real devnet	Run the generic rows as a packaged app without a dev shell	2026-09-12T10:25:17.7329160Z [36;1m  f="./conformance-receipts/receipt-$row.json"[0m
Generic, canonical-identity and serialization rows on a real devnet	Run the generic rows as a packaged app without a dev shell	2026-09-12T10:25:17.7329625Z [36;1m  test -f "$f" || { echo "FAIL: missing receipt for $row"; exit 1; }[0m
Generic, canonical-identity and serialization rows on a real devnet	Run the generic rows as a packaged app without a dev shell	2026-09-12T10:25:17.7330125Z [36;1m  v="$(nix run --quiet nixpkgs#jq -- -r '.verdict' "$f")"[0m
Generic, canonical-identity and serialization rows on a real devnet	Run the generic rows as a packaged app without a dev shell	2026-09-12T10:25:17.7330536Z [36;1m  want="$(expect_verdict "$row")"[0m
Generic, canonical-identity and serialization rows on a real devnet	Run the generic rows as a packaged app without a dev shell	2026-09-12T10:25:17.7331076Z [36;1m  [ "$v" = "$want" ] || { echo "FAIL: unexpected verdict for $row: got '$v', expected '$want'"; exit 1; }[0m
Generic, canonical-identity and serialization rows on a real devnet	Run the generic rows as a packaged app without a dev shell	2026-09-12T10:25:17.7331904Z [36;1m  [ "$(nix run --quiet nixpkgs#jq -- -r '.dirty' "$f")" = "false" ] || { echo "FAIL: $row receipt records a dirty tree"; exit 1; }[0m
Generic, canonical-identity and serialization rows on a real devnet	Run the generic rows as a packaged app without a dev shell	2026-09-12T10:25:17.7332866Z [36;1m  [ "$(nix run --quiet nixpkgs#jq -- -r '.base' "$f")" = "$head_sha" ] || { echo "FAIL: $row receipt is not bound to this candidate ($head_sha)"; exit 1; }[0m
Generic, canonical-identity and serialization rows on a real devnet	Run the generic rows as a packaged app without a dev shell	2026-09-12T10:25:17.7333526Z [36;1mdone[0m
Generic, canonical-identity and serialization rows on a real devnet	Run the generic rows as a packaged app without a dev shell	2026-09-12T10:25:17.7333863Z [36;1m# 5. CL01 carries the session's measurement evidence: nonzero[0m
Generic, canonical-identity and serialization rows on a real devnet	Run the generic rows as a packaged app without a dev shell	2026-09-12T10:25:17.7334375Z [36;1m#    units and size, folds named — refuse missing or divergent[0m
Generic, canonical-identity and serialization rows on a real devnet	Run the generic rows as a packaged app without a dev shell	2026-09-12T10:25:17.7335498Z [36;1mnix run --quiet nixpkgs#jq -- -e '.mem > 0 and .cpu > 0 and .txSize > 0 and (.transactions | length > 0)' ./conformance-receipts/receipt-CL01.json > /dev/null || { echo 'FAIL: CL01 measurement evidence missing or divergent'; exit 1; }[0m
Generic, canonical-identity and serialization rows on a real devnet	Run the generic rows as a packaged app without a dev shell	2026-09-12T10:25:17.7336623Z [36;1m# 6. the run's own accounting must name exactly the expected[0m
Generic, canonical-identity and serialization rows on a real devnet	Run the generic rows as a packaged app without a dev shell	2026-09-12T10:25:17.7337113Z [36;1m#    held set, with nothing failing against this candidate[0m
Generic, canonical-identity and serialization rows on a real devnet	Run the generic rows as a packaged app without a dev shell	2026-09-12T10:25:17.7337628Z [36;1mheld="$(sed -n 's/^- Held .*held-q002): //p' /tmp/generic-rows.log)"[0m
Generic, canonical-identity and serialization rows on a real devnet	Run the generic rows as a packaged app without a dev shell	2026-09-12T10:25:17.7338370Z [36;1m[ "$held" = "CG11 CG12 CG19" ] || { echo "FAIL: held set moved: got '$held', expected 'CG11 CG12 CG19'"; exit 1; }[0m
Generic, canonical-identity and serialization rows on a real devnet	Run the generic rows as a packaged app without a dev shell	2026-09-12T10:25:17.7338973Z [36;1m# nothing may fail against this candidate[0m
Generic, canonical-identity and serialization rows on a real devnet	Run the generic rows as a packaged app without a dev shell	2026-09-12T10:25:17.7339457Z [36;1mfailing="$(sed -n 's/^- Failing .*accepted): //p' /tmp/generic-rows.log)"[0m
Generic, canonical-identity and serialization rows on a real devnet	Run the generic rows as a packaged app without a dev shell	2026-09-12T10:25:17.7340133Z [36;1m[ "$failing" = "none" ] || { echo "FAIL: rows failing against this candidate: $failing"; exit 1; }[0m
Generic, canonical-identity and serialization rows on a real devnet	Run the generic rows as a packaged app without a dev shell	2026-09-12T10:25:17.7341280Z [36;1mecho 'GREEN = expected-debt assertion held: 13 rows executed on a clean candidate-bound tree, verdicts and CL01 measurement evidence as declared, held debt exactly CG11 CG12 CG19, nothing failing.'[0m
Generic, canonical-identity and serialization rows on a real devnet	Run the generic rows as a packaged app without a dev shell	2026-09-12T10:25:17.7342865Z [36;1mecho 'A GREEN STEP IS NOT A FULFILLED CONSUMER PROMISE: R5_plugin_pinned, R8_empty_fold_refused and R11_contribute_value stay unmet (upstream #100/#101); strict completion and release stay RED on that debt.'[0m
Generic, canonical-identity and serialization rows on a real devnet	Run the generic rows as a packaged app without a dev shell	2026-09-12T10:25:17.7345684Z shell: /nix/store/x12lw455sq6qy2wcya85d7rb88ybc3df-bash-interactive-5.3p9/bin/bash -e {0}
Generic, canonical-identity and serialization rows on a real devnet	Run the generic rows as a packaged app without a dev shell	2026-09-12T10:25:17.7346214Z env:
Generic, canonical-identity and serialization rows on a real devnet	Run the generic rows as a packaged app without a dev shell	2026-09-12T10:25:17.7346598Z   XDG_CACHE_HOME: /srv/ci-work/runner-2/work/_temp/nix-cache-34688189788-1-conformance
Generic, canonical-identity and serialization rows on a real devnet	Run the generic rows as a packaged app without a dev shell	2026-09-12T10:25:17.7347471Z   NIX_USER_CONF_FILES: /srv/ci-work/runner-2/work/_temp/cachixnSCqjt/nix.conf:/srv/ci-work/runner-2/work/.config/nix/nix.conf:/etc/xdg/nix/nix.conf
Generic, canonical-identity and serialization rows on a real devnet	Run the generic rows as a packaged app without a dev shell	2026-09-12T10:25:17.7348350Z   CACHIX_DAEMON_DIR: /srv/ci-work/runner-2/work/_temp/cachixnSCqjt
Generic, canonical-identity and serialization rows on a real devnet	Run the generic rows as a packaged app without a dev shell	2026-09-12T10:25:17.7348742Z ##[endgroup]
Generic, canonical-identity and serialization rows on a real devnet	Run the generic rows as a packaged app without a dev shell	2026-09-12T10:25:19.7050341Z control: Normal
Generic, canonical-identity and serialization rows on a real devnet	Run the generic rows as a packaged app without a dev shell	2026-09-12T10:25:19.7071080Z base: 404c79d2cdc184e8a04ab3787ea5e47abe2d4681
Generic, canonical-identity and serialization rows on a real devnet	Run the generic rows as a packaged app without a dev shell	2026-09-12T10:25:19.7128727Z tree: clean
Generic, canonical-identity and serialization rows on a real devnet	Run the generic rows as a packaged app without a dev shell	2026-09-12T10:25:19.7309827Z node: cardano-node 10.7.0 - linux-x86_64 - ghc-9.6
Generic, canonical-identity and serialization rows on a real devnet	Run the generic rows as a packaged app without a dev shell	2026-09-12T10:25:19.7311515Z tmpdir: /tmp/conformance-3284187-1789208719730
Generic, canonical-identity and serialization rows on a real devnet	Run the generic rows as a packaged app without a dev shell	2026-09-12T10:25:32.4606058Z boot: cage booted bootTx=0551fc9a1c18315b042096e05f68ec681e572bf331e09a6108248c86b34f4d6d
Generic, canonical-identity and serialization rows on a real devnet	Run the generic rows as a packaged app without a dev shell	2026-09-12T10:25:32.4606997Z setup: key absent; inserting v1 as setup
Generic, canonical-identity and serialization rows on a real devnet	Run the generic rows as a packaged app without a dev shell	2026-09-12T10:25:38.3853648Z calibration: CG02-setup: hand model matches the library fold
Generic, canonical-identity and serialization rows on a real devnet	Run the generic rows as a packaged app without a dev shell	2026-09-12T10:25:43.5984422Z measure: CG02-setup fold mem=616554/140000000 (0.4403957142857143%, headroom 139383446) cpu=200156393/10000000000 (2.0015639299999997%, headroom 9799843607) size=11451/16384 (69.891357421875%, headroom 4933)
Generic, canonical-identity and serialization rows on a real devnet	Run the generic rows as a packaged app without a dev shell	2026-09-12T10:25:43.5994868Z verify-present: proved present key=cg-row-key value=cg-value-one root=0xfe9ad8f3006654a4d42d8965424cef409ca9a6dc087cc66043e15c11ef5b6ab1
Generic, canonical-identity and serialization rows on a real devnet	Run the generic rows as a packaged app without a dev shell	2026-09-12T10:25:43.5996595Z verify-false-claim: rejected false claim key=cg-row-key claimed value=forged-value: proof implies root 0x169a06e7a87ddafd1528c76b98a295c4979e8fa6a6f5657bc53a250d80d6cfe7 which differs from the chain read root 0xfe9ad8f3006654a4d42d8965424cef409ca9a6dc087cc66043e15c11ef5b6ab1
Generic, canonical-identity and serialization rows on a real devnet	Run the generic rows as a packaged app without a dev shell	2026-09-12T10:25:49.5032754Z calibration: CG02: hand model matches the library fold
Generic, canonical-identity and serialization rows on a real devnet	Run the generic rows as a packaged app without a dev shell	2026-09-12T10:25:54.7609992Z measure: CG02 fold mem=649162/140000000 (0.4636871428571428%, headroom 139350838) cpu=217096102/10000000000 (2.17096102%, headroom 9782903898) size=11451/16384 (69.891357421875%, headroom 4933)
Generic, canonical-identity and serialization rows on a real devnet	Run the generic rows as a packaged app without a dev shell	2026-09-12T10:25:54.7626813Z verify-present: proved present key=cg-row-key value=cg-value-two root=0x379b0eb17b4c8be2368361831b099cc043069d86924cec131fa71b2794baead7
Generic, canonical-identity and serialization rows on a real devnet	Run the generic rows as a packaged app without a dev shell	2026-09-12T10:25:54.7628565Z verify-false-claim: rejected false claim key=cg-row-key claimed value=forged-value: proof implies root 0x169a06e7a87ddafd1528c76b98a295c4979e8fa6a6f5657bc53a250d80d6cfe7 which differs from the chain read root 0x379b0eb17b4c8be2368361831b099cc043069d86924cec131fa71b2794baead7
Generic, canonical-identity and serialization rows on a real devnet	Run the generic rows as a packaged app without a dev shell	2026-09-12T10:25:54.7634426Z row: CG02: ACCEPTED update v1->v2, v2 reads back from chain
Generic, canonical-identity and serialization rows on a real devnet	Run the generic rows as a packaged app without a dev shell	2026-09-12T10:26:00.6292140Z calibration: CG03: hand model matches the library fold
Generic, canonical-identity and serialization rows on a real devnet	Run the generic rows as a packaged app without a dev shell	2026-09-12T10:26:05.8756143Z measure: CG03 fold mem=638564/140000000 (0.45611714285714283%, headroom 139361436) cpu=213717823/10000000000 (2.13717823%, headroom 9786282177) size=11451/16384 (69.891357421875%, headroom 4933)
Generic, canonical-identity and serialization rows on a real devnet	Run the generic rows as a packaged app without a dev shell	2026-09-12T10:26:05.8773639Z verify-absent: proved absent key=cg-row-key root=0x0000000000000000000000000000000000000000000000000000000000000000
Generic, canonical-identity and serialization rows on a real devnet	Run the generic rows as a packaged app without a dev shell	2026-09-12T10:26:05.8777121Z verify-false-claim: rejected false claim key=cg-row-key claimed value=cg-value-two: proof implies root 0x379b0eb17b4c8be2368361831b099cc043069d86924cec131fa71b2794baead7 which differs from the chain read root 0x0000000000000000000000000000000000000000000000000000000000000000
Generic, canonical-identity and serialization rows on a real devnet	Run the generic rows as a packaged app without a dev shell	2026-09-12T10:26:05.8780761Z row: CG03: ACCEPTED delete, key absent on chain
Generic, canonical-identity and serialization rows on a real devnet	Run the generic rows as a packaged app without a dev shell	2026-09-12T10:26:11.7607388Z calibration: CG04: hand model matches the library fold
Generic, canonical-identity and serialization rows on a real devnet	Run the generic rows as a packaged app without a dev shell	2026-09-12T10:26:17.0101080Z measure: CG04 fold mem=636760/140000000 (0.4548285714285714%, headroom 139363240) cpu=213173059/10000000000 (2.13173059%, headroom 9786826941) size=11451/16384 (69.891357421875%, headroom 4933)
Generic, canonical-identity and serialization rows on a real devnet	Run the generic rows as a packaged app without a dev shell	2026-09-12T10:26:17.0117091Z verify-present: proved present key=cg-row-key value=cg-value-three root=0x75d5a5a6f074a832f51dd3652243182c8a767e0f35742e63d8220983b4180958
Generic, canonical-identity and serialization rows on a real devnet	Run the generic rows as a packaged app without a dev shell	2026-09-12T10:26:17.0122273Z verify-false-claim: rejected false claim key=cg-row-key claimed value=forged-value: proof implies root 0x169a06e7a87ddafd1528c76b98a295c4979e8fa6a6f5657bc53a250d80d6cfe7 which differs from the chain read root 0x75d5a5a6f074a832f51dd3652243182c8a767e0f35742e63d8220983b4180958
Generic, canonical-identity and serialization rows on a real devnet	Run the generic rows as a packaged app without a dev shell	2026-09-12T10:26:17.0125299Z row: CG04: ACCEPTED re-Insert, v3 reads back from chain
Generic, canonical-identity and serialization rows on a real devnet	Run the generic rows as a packaged app without a dev shell	2026-09-12T10:26:22.1736795Z row: CG05: occupied insert requested; folding must refuse
Generic, canonical-identity and serialization rows on a real devnet	Run the generic rows as a packaged app without a dev shell	2026-09-12T10:26:22.5211468Z eval-observation: scriptHash=ce7615f6ba4de80dfa9b9c6aef680666472ba4ed7e640ff55aad7c6e | cek=An error has occurred:\nThe machine terminated because of an error, either from a built-in function or from an explicit use of 'error'.\nCaused by: error
Generic, canonical-identity and serialization rows on a real devnet	Run the generic rows as a packaged app without a dev shell	2026-09-12T10:26:22.8406134Z row: CG05: REFUSED at submit, attributed to state (phase-2, marker 0xce7615f6ba4d)
Generic, canonical-identity and serialization rows on a real devnet	Run the generic rows as a packaged app without a dev shell	2026-09-12T10:26:38.8065594Z verify-present: proved present key=cg-control-key value=cg-control-value root=0x835a24bc09a2c6c51bce28b9b2787fba343d8ad5598e66c9730b388d142ae165
Generic, canonical-identity and serialization rows on a real devnet	Run the generic rows as a packaged app without a dev shell	2026-09-12T10:26:38.8069892Z verify-false-claim: rejected false claim key=cg-control-key claimed value=forged-value: proof implies root 0x8a982981e9433102a74b33c7a5e824b00e317bf371f15c41f73127bc27ec365c which differs from the chain read root 0x835a24bc09a2c6c51bce28b9b2787fba343d8ad5598e66c9730b388d142ae165
Generic, canonical-identity and serialization rows on a real devnet	Run the generic rows as a packaged app without a dev shell	2026-09-12T10:26:38.8073700Z control: CG05 control: fresh cage accepted a valid insert — the refusal discriminates
Generic, canonical-identity and serialization rows on a real devnet	Run the generic rows as a packaged app without a dev shell	2026-09-12T10:26:44.0348371Z cage: cg07 booted bootTx=1c52257c17b85ea7a1e522e7cb2a71f88c82991a283a2e94cd968960a73a024a processMs=30000 retractMs=60000
Generic, canonical-identity and serialization rows on a real devnet	Run the generic rows as a packaged app without a dev shell	2026-09-12T10:26:49.3240571Z units: no measured fold in this cage; declaring 1% mem / 5% cpu of the maxima
Generic, canonical-identity and serialization rows on a real devnet	Run the generic rows as a packaged app without a dev shell	2026-09-12T10:26:54.4768421Z row: CG07: retract with validity inside phase 1 submitted; the request script must refuse (R9_retract_needs_phase2)
Generic, canonical-identity and serialization rows on a real devnet	Run the generic rows as a packaged app without a dev shell	2026-09-12T10:26:54.4884956Z row: CG07: REFUSED at submit, attributed to request (phase-2, marker 0x72632cf1cdc4)
Generic, canonical-identity and serialization rows on a real devnet	Run the generic rows as a packaged app without a dev shell	2026-09-12T10:26:54.4886115Z wait: 20186 ms to the next phase boundary
Generic, canonical-identity and serialization rows on a real devnet	Run the generic rows as a packaged app without a dev shell	2026-09-12T10:27:19.7088808Z control: CG07 control: the same retract, validity in phase 2, is accepted — the refusal discriminates
Generic, canonical-identity and serialization rows on a real devnet	Run the generic rows as a packaged app without a dev shell	2026-09-12T10:27:24.9608145Z cage: cg09 booted bootTx=d986c42098be165d72dbe752a966adb2302b13e58ff3c7e50cd3f3fea3a7b0bf processMs=30000 retractMs=5000
Generic, canonical-identity and serialization rows on a real devnet	Run the generic rows as a packaged app without a dev shell	2026-09-12T10:27:35.3824463Z row: CG09: Rejected action while the request is still inside its process window; the state script must refuse (R9_reject_needs_rejectable)
Generic, canonical-identity and serialization rows on a real devnet	Run the generic rows as a packaged app without a dev shell	2026-09-12T10:27:35.3948556Z row: CG09: REFUSED at submit, attributed to state (phase-2, marker 0xce7615f6ba4d)
Generic, canonical-identity and serialization rows on a real devnet	Run the generic rows as a packaged app without a dev shell	2026-09-12T10:27:35.3949678Z wait: 25198 ms to the next phase boundary
Generic, canonical-identity and serialization rows on a real devnet	Run the generic rows as a packaged app without a dev shell	2026-09-12T10:28:06.1458043Z control: CG09 control: the same request rejected in phase 3 is accepted — the refusal discriminates
Generic, canonical-identity and serialization rows on a real devnet	Run the generic rows as a packaged app without a dev shell	2026-09-12T10:28:11.3877350Z cage: cg-main booted bootTx=9ce13c8fa18ee64b87692eb5bd845abbb93a14ed1ca8cd6e1e502fcb057e26f3 processMs=30000 retractMs=30000
Generic, canonical-identity and serialization rows on a real devnet	Run the generic rows as a packaged app without a dev shell	2026-09-12T10:28:17.2694288Z calibration: CG10: hand model matches the library fold
Generic, canonical-identity and serialization rows on a real devnet	Run the generic rows as a packaged app without a dev shell	2026-09-12T10:28:22.5098515Z measure: CG10 fold mem=636760/140000000 (0.4548285714285714%, headroom 139363240) cpu=213173059/10000000000 (2.13173059%, headroom 9786826941) size=11451/16384 (69.891357421875%, headroom 4933)
Generic, canonical-identity and serialization rows on a real devnet	Run the generic rows as a packaged app without a dev shell	2026-09-12T10:28:32.8690332Z row: CG10: fold carrying proof steps captured against the superseded root submitted; the state script must refuse (R7_stale_fold_refused)
Generic, canonical-identity and serialization rows on a real devnet	Run the generic rows as a packaged app without a dev shell	2026-09-12T10:28:32.8838652Z row: CG10: REFUSED at submit, attributed to state (phase-2, marker 0xce7615f6ba4d)
Generic, canonical-identity and serialization rows on a real devnet	Run the generic rows as a packaged app without a dev shell	2026-09-12T10:28:33.5578922Z calibration: CG10 control: hand model matches the library fold
Generic, canonical-identity and serialization rows on a real devnet	Run the generic rows as a packaged app without a dev shell	2026-09-12T10:28:38.7929047Z measure: CG10-control fold mem=731904/140000000 (0.5227885714285715%, headroom 139268096) cpu=240302885/10000000000 (2.40302885%, headroom 9759697115) size=11477/16384 (70.050048828125%, headroom 4907)
Generic, canonical-identity and serialization rows on a real devnet	Run the generic rows as a packaged app without a dev shell	2026-09-12T10:28:38.7932283Z control: CG10 control: the same request folded against the live root is accepted — the refusal is the staleness, not the shape
Generic, canonical-identity and serialization rows on a real devnet	Run the generic rows as a packaged app without a dev shell	2026-09-12T10:28:49.2697812Z measure: CG11-empty-fold fold mem=273449/140000000 (0.1953207142857143%, headroom 139726551) cpu=87149465/10000000000 (0.8714946499999999%, headroom 9912850535) size=8388/16384 (51.1962890625%, headroom 7996)
Generic, canonical-identity and serialization rows on a real devnet	Run the generic rows as a packaged app without a dev shell	2026-09-12T10:28:49.2705294Z held: CG11 HELD FOR Q-002 (story 2): Singular's Lean PERMITS the empty fold — foldItems [] = ok (Model.lean 188-189) — so the acceptance agrees with Singular's model; the consumer's theorem says R8_empty_fold_refused — the empty batch must be refused (consumer-side; upstream cardano-mpfs-onchain#100 is the partition fix); which model is the behavioral authority is the user's ruling, not ours — the run cannot exit 0 while this row is held
Generic, canonical-identity and serialization rows on a real devnet	Run the generic rows as a packaged app without a dev shell	2026-09-12T10:28:49.2711625Z row: CG11: the chain ACCEPTED an empty fold (tx=3a9e13f3cd22441dde176e5fdf41f1766065121024cb65a0896aafce2a50ba8b) — recorded, held pending Q-002, never read as a pass
Generic, canonical-identity and serialization rows on a real devnet	Run the generic rows as a packaged app without a dev shell	2026-09-12T10:28:59.6190558Z row: CG11 control: empty actions over a live request must be refused
Generic, canonical-identity and serialization rows on a real devnet	Run the generic rows as a packaged app without a dev shell	2026-09-12T10:28:59.6311911Z control: CG11 control: REFUSED at submit, attributed to state (phase-2, marker 0xce7615f6ba4d) — run-log evidence only; the row's receipt is not overwritten (A-002)
Generic, canonical-identity and serialization rows on a real devnet	Run the generic rows as a packaged app without a dev shell	2026-09-12T10:28:59.6314635Z control: CG11 control: with a request waiting, empty actions are refused — the acceptance is specific to the empty fold
Generic, canonical-identity and serialization rows on a real devnet	Run the generic rows as a packaged app without a dev shell	2026-09-12T10:29:15.2315802Z measure: CG12-surplus fold mem=884862/140000000 (0.6320442857142857%, headroom 139115138) cpu=282795627/10000000000 (2.82795627%, headroom 9717204373) size=11555/16384 (70.526123046875%, headroom 4829)
Generic, canonical-identity and serialization rows on a real devnet	Run the generic rows as a packaged app without a dev shell	2026-09-12T10:29:15.2335159Z held: CG12 HELD FOR Q-002 (story 2): Singular's Lean pairs each request with its action 1:1 in its FoldItem and has no action tail that could be surplus (Model.lean, FoldItem/foldItems) — the model constrains nothing here; the consumer's theorem says one action per request, no surplus — the consumer audit's finding (upstream cardano-mpfs-onchain#100 is the partition fix); which model is the behavioral authority is the user's ruling, not ours — the run cannot exit 0 while this row is held
Generic, canonical-identity and serialization rows on a real devnet	Run the generic rows as a packaged app without a dev shell	2026-09-12T10:29:15.2338612Z row: CG12: the chain ACCEPTED a fold with a surplus action (one request, two actions, the second garbage; tx=d7b7fbbba126ad8b1ed90f9e53e49913601b528ebe88745318fbea90921aeafe) — recorded, held pending Q-002, never read as a pass
Generic, canonical-identity and serialization rows on a real devnet	Run the generic rows as a packaged app without a dev shell	2026-09-12T10:29:30.7649513Z row: CG12 control: two requests, one action — the deficit must be refused
Generic, canonical-identity and serialization rows on a real devnet	Run the generic rows as a packaged app without a dev shell	2026-09-12T10:29:30.7761892Z control: CG12 control: REFUSED at submit, attributed to state (phase-2, marker 0xce7615f6ba4d) — run-log evidence only; the row's receipt is not overwritten (A-002)
Generic, canonical-identity and serialization rows on a real devnet	Run the generic rows as a packaged app without a dev shell	2026-09-12T10:29:30.7765391Z control: CG12 control: the deficit is refused while the surplus was accepted — the asymmetry is exactly the audit's
Generic, canonical-identity and serialization rows on a real devnet	Run the generic rows as a packaged app without a dev shell	2026-09-12T10:29:36.0008055Z cage: cg13 booted bootTx=5cfaed931b2f02a387dab7c3b85733790b85a2fe2570895fa75fb147d4b87875 processMs=30000 retractMs=30000
Generic, canonical-identity and serialization rows on a real devnet	Run the generic rows as a packaged app without a dev shell	2026-09-12T10:29:46.3099994Z units: no measured fold in this cage; declaring 1% mem / 5% cpu of the maxima
Generic, canonical-identity and serialization rows on a real devnet	Run the generic rows as a packaged app without a dev shell	2026-09-12T10:29:51.7856373Z measure: CG13-transfer fold mem=616554/140000000 (0.4403957142857143%, headroom 139383446) cpu=200139681/10000000000 (2.00139681%, headroom 9799860319) size=11403/16384 (69.598388671875%, headroom 4981)
Generic, canonical-identity and serialization rows on a real devnet	Run the generic rows as a packaged app without a dev shell	2026-09-12T10:29:51.7866093Z row: CG13: the chain ACCEPTED a Modify that changed the state owner to 0xabababababababababababababababababababababababababababab (signed by the previous owner; tx=553e0cb90b869f19fcbf73663b64ef1b918d1b8b9d591eda7d629ebe97efc136) — resolved-by-ruling: retained as defect evidence of the outstanding owner gate (epic 17), never a pass and never an owner-semantics claim
Generic, canonical-identity and serialization rows on a real devnet	Run the generic rows as a packaged app without a dev shell	2026-09-12T10:29:57.0517492Z cage: cg17 booted bootTx=92118e514b3a11855214fc5e5423581f7e4989dd5374e755b055ff539831442f processMs=30000 retractMs=30000
Generic, canonical-identity and serialization rows on a real devnet	Run the generic rows as a packaged app without a dev shell	2026-09-12T10:30:12.5523695Z row: CG17 [SUPERSEDED observation, claim withdrawn — the registry has no owner role]: sweep declaring a non-owner required signer submitted; recorded as defect evidence of the outstanding owner gate in the request validator
Generic, canonical-identity and serialization rows on a real devnet	Run the generic rows as a packaged app without a dev shell	2026-09-12T10:30:12.5644641Z row: CG17: REFUSED at submit, attributed to request (phase-2, marker 0x811280b7ac5b)
Generic, canonical-identity and serialization rows on a real devnet	Run the generic rows as a packaged app without a dev shell	2026-09-12T10:30:17.5724677Z control: CG17 control: the same sweep signed as the owner is accepted — the refusal discriminates
Generic, canonical-identity and serialization rows on a real devnet	Run the generic rows as a packaged app without a dev shell	2026-09-12T10:30:22.8093729Z cage: cg19 booted bootTx=28def69095fb87c2962394bc3f5c07e92d9a01e51e01142a6906acb3492b9851 processMs=30000 retractMs=30000
Generic, canonical-identity and serialization rows on a real devnet	Run the generic rows as a packaged app without a dev shell	2026-09-12T10:30:38.2699106Z units: no measured fold in this cage; declaring 1% mem / 5% cpu of the maxima
Generic, canonical-identity and serialization rows on a real devnet	Run the generic rows as a packaged app without a dev shell	2026-09-12T10:30:43.6964876Z measure: CG19-crossed fold mem=1083485/140000000 (0.7739178571428571%, headroom 138916515) cpu=351090889/10000000000 (3.51090889%, headroom 9648909111) size=11613/16384 (70.880126953125%, headroom 4771)
Generic, canonical-identity and serialization rows on a real devnet	Run the generic rows as a packaged app without a dev shell	2026-09-12T10:30:43.6980721Z held: CG19 HELD FOR Q-002 (story 2): Singular's Lean's fold action carries no refund routing at all (Model.lean, Action.fold) — the model constrains nothing here; the consumer's theorem says R11 — each processed request's exact bond to its owner, tip to the folder (upstream cardano-mpfs-onchain#101 is the partition fix); which model is the behavioral authority is the user's ruling, not ours — the run cannot exit 0 while this row is held
Generic, canonical-identity and serialization rows on a real devnet	Run the generic rows as a packaged app without a dev shell	2026-09-12T10:30:43.6988441Z row: CG19: the chain ACCEPTED crossed refunds (bonds 5 ada and 3 ada refunded 4000000 and 2000000 lovelace, aggregate 6000000 = the validator's ceiling; tx=97f533d4630a36d34412428b6ec0404788aa6c84ac59b9a3eb6e687455168e1b) — the aggregate range held while neither request's bond reached its owner and no output names the folder; recorded, held pending Q-002, never read as a pass
Generic, canonical-identity and serialization rows on a real devnet	Run the generic rows as a packaged app without a dev shell	2026-09-12T10:30:59.3113821Z row: CG19 control: refunds totalling 4473137 lovelace, below the aggregate floor — must be refused
Generic, canonical-identity and serialization rows on a real devnet	Run the generic rows as a packaged app without a dev shell	2026-09-12T10:30:59.3283436Z control: CG19 control: REFUSED at submit, attributed to state (phase-2, marker 0xce7615f6ba4d) — run-log evidence only; the row's receipt is not overwritten (A-002)
Generic, canonical-identity and serialization rows on a real devnet	Run the generic rows as a packaged app without a dev shell	2026-09-12T10:30:59.3286172Z control: CG19 control: the aggregate floor refused the shortfall — the range is real, and it is still not the requirement
Generic, canonical-identity and serialization rows on a real devnet	Run the generic rows as a packaged app without a dev shell	2026-09-12T10:31:04.5418089Z cage: cg20 booted bootTx=dc885df5f48e2bd55d008942679ad10170329cdfd06f54bb5867c005dcb4a5fd processMs=30000 retractMs=30000
Generic, canonical-identity and serialization rows on a real devnet	Run the generic rows as a packaged app without a dev shell	2026-09-12T10:31:04.6782467Z units: no measured fold in this cage; declaring 1% mem / 5% cpu of the maxima
Generic, canonical-identity and serialization rows on a real devnet	Run the generic rows as a packaged app without a dev shell	2026-09-12T10:31:10.5005543Z calibration: CG20 control: hand model matches the library fold
Generic, canonical-identity and serialization rows on a real devnet	Run the generic rows as a packaged app without a dev shell	2026-09-12T10:31:15.5150122Z control: CG20 control: the same fold WITH the owner signer is accepted
Generic, canonical-identity and serialization rows on a real devnet	Run the generic rows as a packaged app without a dev shell	2026-09-12T10:31:25.9068163Z row: CG20: the same fold minus only the owner required signer submitted — Lean and the protocol spec require acceptance
Generic, canonical-identity and serialization rows on a real devnet	Run the generic rows as a packaged app without a dev shell	2026-09-12T10:31:26.0060637Z row: CG20: the chain ACCEPTED the permissionless fold — an observation of the repaired candidate, not a confirmation
Generic, canonical-identity and serialization rows on a real devnet	Run the generic rows as a packaged app without a dev shell	2026-09-12T10:31:26.0068308Z complete: 13/13 rows ok
Generic, canonical-identity and serialization rows on a real devnet	Run the generic rows as a packaged app without a dev shell	2026-09-12T10:31:26.0113489Z === Node log (last 50) ===
Generic, canonical-identity and serialization rows on a real devnet	Run the generic rows as a packaged app without a dev shell	2026-09-12T10:31:26.0119958Z [2026-09-12 10:31:25.6038Z][development-epyc:ChainDB.AddBlockEvent.AddedToCurrentChain](Notice,19) Chain extended, new tip: f06845565aaccb2c7692a34993d4df7a9c5249a5253e5e74140e71bd77f615c6 at slot 3616
Generic, canonical-identity and serialization rows on a real devnet	Run the generic rows as a packaged app without a dev shell	2026-09-12T10:31:26.0124228Z [2026-09-12 10:31:25.6045Z][development-epyc:Forge.Loop.AdoptedBlock](Info,47) Adopted block forged in slot 3616: f06845565aaccb2c7692a34993d4df7a9c5249a5253e5e74140e71bd77f615c6
Generic, canonical-identity and serialization rows on a real devnet	Run the generic rows as a packaged app without a dev shell	2026-09-12T10:31:26.0128670Z [2026-09-12 10:31:25.6668Z][development-epyc:StateQueryServer.Receive.Acquire](Info,74) Peer is: (ConnectionId {localAddress = LocalAddress "/tmp/conformance-3284187-1789208719730/cardano-e2e/node.sock", remoteAddress = LocalAddress "/tmp/conformance-3284187-1789208719730/cardano-e2e/node.sock@1"}). Receive: 
Generic, canonical-identity and serialization rows on a real devnet	Run the generic rows as a packaged app without a dev shell	2026-09-12T10:31:26.0134133Z [2026-09-12 10:31:25.6677Z][development-epyc:StateQueryServer.Receive.Query](Info,74) Peer is: (ConnectionId {localAddress = LocalAddress "/tmp/conformance-3284187-1789208719730/cardano-e2e/node.sock", remoteAddress = LocalAddress "/tmp/conformance-3284187-1789208719730/cardano-e2e/node.sock@1"}). Receive: 
Generic, canonical-identity and serialization rows on a real devnet	Run the generic rows as a packaged app without a dev shell	2026-09-12T10:31:26.0138021Z [2026-09-12 10:31:25.7010Z][development-epyc:Forge.Loop.StartLeadershipCheck](Info,47) Checking for leadership in slot 3617
Generic, canonical-identity and serialization rows on a real devnet	Run the generic rows as a packaged app without a dev shell	2026-09-12T10:31:26.0140367Z [2026-09-12 10:31:25.7010Z][development-epyc:Forge.Stats.ForgingStats](Info,47) Node cannot forge 0 node is leader 3617 blocks forged 3617 slots missed 0
Generic, canonical-identity and serialization rows on a real devnet	Run the generic rows as a packaged app without a dev shell	2026-09-12T10:31:26.0143137Z [2026-09-12 10:31:25.7013Z][development-epyc:Forge.StateInfo.StateInfo](Info,47) With label "Cardano", KES info startPeriod  0 currPeriod 0 endPeriod 60, 60 KES periods until expiry.
Generic, canonical-identity and serialization rows on a real devnet	Run the generic rows as a packaged app without a dev shell	2026-09-12T10:31:26.0145450Z [2026-09-12 10:31:25.7018Z][development-epyc:Forge.Loop.NodeIsLeader](Info,47) Leading slot 3617
Generic, canonical-identity and serialization rows on a real devnet	Run the generic rows as a packaged app without a dev shell	2026-09-12T10:31:26.0147130Z [2026-09-12 10:31:25.7022Z][development-epyc:Forge.Loop.ForgedBlock](Info,47) Forged block in slot 3617
Generic, canonical-identity and serialization rows on a real devnet	Run the generic rows as a packaged app without a dev shell	2026-09-12T10:31:26.0150510Z [2026-09-12 10:31:25.7039Z][development-epyc:ChainDB.AddBlockEvent.AddBlockValidation.ValidCandidate](Info,19) Valid candidate d95c2a61752aeadffa6dea00ec69adc77ba34e1fb29247d15b3c7336e52deeb6 at slot 3617
Generic, canonical-identity and serialization rows on a real devnet	Run the generic rows as a packaged app without a dev shell	2026-09-12T10:31:26.0153934Z [2026-09-12 10:31:25.7048Z][development-epyc:Forge.Loop.AdoptedBlock](Info,47) Adopted block forged in slot 3617: d95c2a61752aeadffa6dea00ec69adc77ba34e1fb29247d15b3c7336e52deeb6
Generic, canonical-identity and serialization rows on a real devnet	Run the generic rows as a packaged app without a dev shell	2026-09-12T10:31:26.0156782Z [2026-09-12 10:31:25.7933Z][development-epyc:LedgerMetrics](Info,13) Ledger metrics  utxoSize 38 delegMapSize 1 chainDensity 1.0
Generic, canonical-identity and serialization rows on a real devnet	Run the generic rows as a packaged app without a dev shell	2026-09-12T10:31:26.0159021Z [2026-09-12 10:31:25.8003Z][development-epyc:Forge.Loop.StartLeadershipCheck](Info,47) Checking for leadership in slot 3618
Generic, canonical-identity and serialization rows on a real devnet	Run the generic rows as a packaged app without a dev shell	2026-09-12T10:31:26.0161670Z [2026-09-12 10:31:25.8003Z][development-epyc:Forge.Stats.ForgingStats](Info,47) Node cannot forge 0 node is leader 3618 blocks forged 3618 slots missed 0
Generic, canonical-identity and serialization rows on a real devnet	Run the generic rows as a packaged app without a dev shell	2026-09-12T10:31:26.0164437Z [2026-09-12 10:31:25.8005Z][development-epyc:Forge.StateInfo.StateInfo](Info,47) With label "Cardano", KES info startPeriod  0 currPeriod 0 endPeriod 60, 60 KES periods until expiry.
Generic, canonical-identity and serialization rows on a real devnet	Run the generic rows as a packaged app without a dev shell	2026-09-12T10:31:26.0166760Z [2026-09-12 10:31:25.8010Z][development-epyc:Forge.Loop.NodeIsLeader](Info,47) Leading slot 3618
Generic, canonical-identity and serialization rows on a real devnet	Run the generic rows as a packaged app without a dev shell	2026-09-12T10:31:26.0168514Z [2026-09-12 10:31:25.8014Z][development-epyc:Forge.Loop.ForgedBlock](Info,47) Forged block in slot 3618
Generic, canonical-identity and serialization rows on a real devnet	Run the generic rows as a packaged app without a dev shell	2026-09-12T10:31:26.0171252Z [2026-09-12 10:31:25.8033Z][development-epyc:ChainDB.AddBlockEvent.AddBlockValidation.ValidCandidate](Info,19) Valid candidate d6c38887361e49c3031a1d3e8597078338faebd14d5654a8bb5e0089e2aa6336 at slot 3618
Generic, canonical-identity and serialization rows on a real devnet	Run the generic rows as a packaged app without a dev shell	2026-09-12T10:31:26.0174582Z [2026-09-12 10:31:25.8040Z][development-epyc:Forge.Loop.AdoptedBlock](Info,47) Adopted block forged in slot 3618: d6c38887361e49c3031a1d3e8597078338faebd14d5654a8bb5e0089e2aa6336
Generic, canonical-identity and serialization rows on a real devnet	Run the generic rows as a packaged app without a dev shell	2026-09-12T10:31:26.0178927Z [2026-09-12 10:31:25.8174Z][development-epyc:StateQueryServer.Receive.Release](Info,74) Peer is: (ConnectionId {localAddress = LocalAddress "/tmp/conformance-3284187-1789208719730/cardano-e2e/node.sock", remoteAddress = LocalAddress "/tmp/conformance-3284187-1789208719730/cardano-e2e/node.sock@1"}). Receive: 
Generic, canonical-identity and serialization rows on a real devnet	Run the generic rows as a packaged app without a dev shell	2026-09-12T10:31:26.0184354Z [2026-09-12 10:31:25.8175Z][development-epyc:StateQueryServer.Receive.Acquire](Info,74) Peer is: (ConnectionId {localAddress = LocalAddress "/tmp/conformance-3284187-1789208719730/cardano-e2e/node.sock", remoteAddress = LocalAddress "/tmp/conformance-3284187-1789208719730/cardano-e2e/node.sock@1"}). Receive: 
Generic, canonical-identity and serialization rows on a real devnet	Run the generic rows as a packaged app without a dev shell	2026-09-12T10:31:26.0189887Z [2026-09-12 10:31:25.8181Z][development-epyc:StateQueryServer.Receive.Query](Info,74) Peer is: (ConnectionId {localAddress = LocalAddress "/tmp/conformance-3284187-1789208719730/cardano-e2e/node.sock", remoteAddress = LocalAddress "/tmp/conformance-3284187-1789208719730/cardano-e2e/node.sock@1"}). Receive: 
Generic, canonical-identity and serialization rows on a real devnet	Run the generic rows as a packaged app without a dev shell	2026-09-12T10:31:26.0195284Z [2026-09-12 10:31:25.8188Z][development-epyc:StateQueryServer.Receive.Release](Info,74) Peer is: (ConnectionId {localAddress = LocalAddress "/tmp/conformance-3284187-1789208719730/cardano-e2e/node.sock", remoteAddress = LocalAddress "/tmp/conformance-3284187-1789208719730/cardano-e2e/node.sock@1"}). Receive: 
Generic, canonical-identity and serialization rows on a real devnet	Run the generic rows as a packaged app without a dev shell	2026-09-12T10:31:26.0200836Z [2026-09-12 10:31:25.8189Z][development-epyc:StateQueryServer.Receive.Acquire](Info,74) Peer is: (ConnectionId {localAddress = LocalAddress "/tmp/conformance-3284187-1789208719730/cardano-e2e/node.sock", remoteAddress = LocalAddress "/tmp/conformance-3284187-1789208719730/cardano-e2e/node.sock@1"}). Receive: 
Generic, canonical-identity and serialization rows on a real devnet	Run the generic rows as a packaged app without a dev shell	2026-09-12T10:31:26.0206218Z [2026-09-12 10:31:25.8195Z][development-epyc:StateQueryServer.Receive.Query](Info,74) Peer is: (ConnectionId {localAddress = LocalAddress "/tmp/conformance-3284187-1789208719730/cardano-e2e/node.sock", remoteAddress = LocalAddress "/tmp/conformance-3284187-1789208719730/cardano-e2e/node.sock@1"}). Receive: 
Generic, canonical-identity and serialization rows on a real devnet	Run the generic rows as a packaged app without a dev shell	2026-09-12T10:31:26.0211674Z [2026-09-12 10:31:25.8199Z][development-epyc:StateQueryServer.Receive.Query](Info,74) Peer is: (ConnectionId {localAddress = LocalAddress "/tmp/conformance-3284187-1789208719730/cardano-e2e/node.sock", remoteAddress = LocalAddress "/tmp/conformance-3284187-1789208719730/cardano-e2e/node.sock@1"}). Receive: 
Generic, canonical-identity and serialization rows on a real devnet	Run the generic rows as a packaged app without a dev shell	2026-09-12T10:31:26.0217361Z [2026-09-12 10:31:25.8204Z][development-epyc:StateQueryServer.Receive.Release](Info,74) Peer is: (ConnectionId {localAddress = LocalAddress "/tmp/conformance-3284187-1789208719730/cardano-e2e/node.sock", remoteAddress = LocalAddress "/tmp/conformance-3284187-1789208719730/cardano-e2e/node.sock@1"}). Receive: 
Generic, canonical-identity and serialization rows on a real devnet	Run the generic rows as a packaged app without a dev shell	2026-09-12T10:31:26.0222990Z [2026-09-12 10:31:25.8205Z][development-epyc:StateQueryServer.Receive.Acquire](Info,74) Peer is: (ConnectionId {localAddress = LocalAddress "/tmp/conformance-3284187-1789208719730/cardano-e2e/node.sock", remoteAddress = LocalAddress "/tmp/conformance-3284187-1789208719730/cardano-e2e/node.sock@1"}). Receive: 
Generic, canonical-identity and serialization rows on a real devnet	Run the generic rows as a packaged app without a dev shell	2026-09-12T10:31:26.0228723Z [2026-09-12 10:31:25.8210Z][development-epyc:StateQueryServer.Receive.Query](Info,74) Peer is: (ConnectionId {localAddress = LocalAddress "/tmp/conformance-3284187-1789208719730/cardano-e2e/node.sock", remoteAddress = LocalAddress "/tmp/conformance-3284187-1789208719730/cardano-e2e/node.sock@1"}). Receive: 
Generic, canonical-identity and serialization rows on a real devnet	Run the generic rows as a packaged app without a dev shell	2026-09-12T10:31:26.0232497Z [2026-09-12 10:31:25.9005Z][development-epyc:Forge.Loop.StartLeadershipCheck](Info,47) Checking for leadership in slot 3619
Generic, canonical-identity and serialization rows on a real devnet	Run the generic rows as a packaged app without a dev shell	2026-09-12T10:31:26.0234818Z [2026-09-12 10:31:25.9005Z][development-epyc:Forge.Stats.ForgingStats](Info,47) Node cannot forge 0 node is leader 3619 blocks forged 3619 slots missed 0
Generic, canonical-identity and serialization rows on a real devnet	Run the generic rows as a packaged app without a dev shell	2026-09-12T10:31:26.0237581Z [2026-09-12 10:31:25.9008Z][development-epyc:Forge.StateInfo.StateInfo](Info,47) With label "Cardano", KES info startPeriod  0 currPeriod 0 endPeriod 60, 60 KES periods until expiry.
Generic, canonical-identity and serialization rows on a real devnet	Run the generic rows as a packaged app without a dev shell	2026-09-12T10:31:26.0239999Z [2026-09-12 10:31:25.9013Z][development-epyc:Forge.Loop.NodeIsLeader](Info,47) Leading slot 3619
Generic, canonical-identity and serialization rows on a real devnet	Run the generic rows as a packaged app without a dev shell	2026-09-12T10:31:26.0241659Z [2026-09-12 10:31:25.9016Z][development-epyc:Forge.Loop.ForgedBlock](Info,47) Forged block in slot 3619
Generic, canonical-identity and serialization rows on a real devnet	Run the generic rows as a packaged app without a dev shell	2026-09-12T10:31:26.0244421Z [2026-09-12 10:31:25.9034Z][development-epyc:ChainDB.AddBlockEvent.AddBlockValidation.ValidCandidate](Info,19) Valid candidate e18ecda5cae5458d86e30a91a655d32ba88f7b8b68d0d2ba7c7abc2a223496ee at slot 3619
Generic, canonical-identity and serialization rows on a real devnet	Run the generic rows as a packaged app without a dev shell	2026-09-12T10:31:26.0247919Z [2026-09-12 10:31:25.9041Z][development-epyc:Forge.Loop.AdoptedBlock](Info,47) Adopted block forged in slot 3619: e18ecda5cae5458d86e30a91a655d32ba88f7b8b68d0d2ba7c7abc2a223496ee
Generic, canonical-identity and serialization rows on a real devnet	Run the generic rows as a packaged app without a dev shell	2026-09-12T10:31:26.0252163Z [2026-09-12 10:31:25.9046Z][development-epyc:StateQueryServer.Receive.Release](Info,74) Peer is: (ConnectionId {localAddress = LocalAddress "/tmp/conformance-3284187-1789208719730/cardano-e2e/node.sock", remoteAddress = LocalAddress "/tmp/conformance-3284187-1789208719730/cardano-e2e/node.sock@1"}). Receive: 
Generic, canonical-identity and serialization rows on a real devnet	Run the generic rows as a packaged app without a dev shell	2026-09-12T10:31:26.0258014Z [2026-09-12 10:31:25.9068Z][development-epyc:StateQueryServer.Receive.Acquire](Info,74) Peer is: (ConnectionId {localAddress = LocalAddress "/tmp/conformance-3284187-1789208719730/cardano-e2e/node.sock", remoteAddress = LocalAddress "/tmp/conformance-3284187-1789208719730/cardano-e2e/node.sock@1"}). Receive: 
Generic, canonical-identity and serialization rows on a real devnet	Run the generic rows as a packaged app without a dev shell	2026-09-12T10:31:26.0263437Z [2026-09-12 10:31:25.9073Z][development-epyc:StateQueryServer.Receive.Query](Info,74) Peer is: (ConnectionId {localAddress = LocalAddress "/tmp/conformance-3284187-1789208719730/cardano-e2e/node.sock", remoteAddress = LocalAddress "/tmp/conformance-3284187-1789208719730/cardano-e2e/node.sock@1"}). Receive: 
Generic, canonical-identity and serialization rows on a real devnet	Run the generic rows as a packaged app without a dev shell	2026-09-12T10:31:26.0268886Z [2026-09-12 10:31:25.9079Z][development-epyc:StateQueryServer.Receive.Query](Info,74) Peer is: (ConnectionId {localAddress = LocalAddress "/tmp/conformance-3284187-1789208719730/cardano-e2e/node.sock", remoteAddress = LocalAddress "/tmp/conformance-3284187-1789208719730/cardano-e2e/node.sock@1"}). Receive: 
Generic, canonical-identity and serialization rows on a real devnet	Run the generic rows as a packaged app without a dev shell	2026-09-12T10:31:26.0274258Z [2026-09-12 10:31:25.9951Z][development-epyc:StateQueryServer.Receive.Query](Info,74) Peer is: (ConnectionId {localAddress = LocalAddress "/tmp/conformance-3284187-1789208719730/cardano-e2e/node.sock", remoteAddress = LocalAddress "/tmp/conformance-3284187-1789208719730/cardano-e2e/node.sock@1"}). Receive: 
Generic, canonical-identity and serialization rows on a real devnet	Run the generic rows as a packaged app without a dev shell	2026-09-12T10:31:26.0280039Z [2026-09-12 10:31:25.9955Z][development-epyc:StateQueryServer.Receive.Query](Info,74) Peer is: (ConnectionId {localAddress = LocalAddress "/tmp/conformance-3284187-1789208719730/cardano-e2e/node.sock", remoteAddress = LocalAddress "/tmp/conformance-3284187-1789208719730/cardano-e2e/node.sock@1"}). Receive: 
Generic, canonical-identity and serialization rows on a real devnet	Run the generic rows as a packaged app without a dev shell	2026-09-12T10:31:26.0285393Z [2026-09-12 10:31:25.9960Z][development-epyc:StateQueryServer.Receive.Release](Info,74) Peer is: (ConnectionId {localAddress = LocalAddress "/tmp/conformance-3284187-1789208719730/cardano-e2e/node.sock", remoteAddress = LocalAddress "/tmp/conformance-3284187-1789208719730/cardano-e2e/node.sock@1"}). Receive: 
Generic, canonical-identity and serialization rows on a real devnet	Run the generic rows as a packaged app without a dev shell	2026-09-12T10:31:26.0289214Z [2026-09-12 10:31:25.9989Z][development-epyc:TxSubmission.LocalServer.ReceivedTx](Info,76) {"data":{"kind":"ReceivedTx"}}
Generic, canonical-identity and serialization rows on a real devnet	Run the generic rows as a packaged app without a dev shell	2026-09-12T10:31:26.0291601Z [2026-09-12 10:31:26.0032Z][development-epyc:Forge.Loop.StartLeadershipCheck](Info,47) Checking for leadership in slot 3620
Generic, canonical-identity and serialization rows on a real devnet	Run the generic rows as a packaged app without a dev shell	2026-09-12T10:31:26.0293918Z [2026-09-12 10:31:26.0032Z][development-epyc:Forge.Stats.ForgingStats](Info,47) Node cannot forge 0 node is leader 3620 blocks forged 3620 slots missed 0
Generic, canonical-identity and serialization rows on a real devnet	Run the generic rows as a packaged app without a dev shell	2026-09-12T10:31:26.0296687Z [2026-09-12 10:31:26.0036Z][development-epyc:Forge.StateInfo.StateInfo](Info,47) With label "Cardano", KES info startPeriod  0 currPeriod 0 endPeriod 60, 60 KES periods until expiry.
Generic, canonical-identity and serialization rows on a real devnet	Run the generic rows as a packaged app without a dev shell	2026-09-12T10:31:26.0299093Z [2026-09-12 10:31:26.0041Z][development-epyc:Forge.Loop.NodeIsLeader](Info,47) Leading slot 3620
Generic, canonical-identity and serialization rows on a real devnet	Run the generic rows as a packaged app without a dev shell	2026-09-12T10:31:26.0301318Z [2026-09-12 10:31:26.0054Z][development-epyc:Mempool.AddedTx](Info,76) {"data":{"kind":"TraceMempoolAddedTx","mempoolSize":{"bytes":11445,"numTxs":1},"tx":{"txid":"9e6a6eb5"}}}
Generic, canonical-identity and serialization rows on a real devnet	Run the generic rows as a packaged app without a dev shell	2026-09-12T10:31:26.0303585Z [2026-09-12 10:31:26.0059Z][development-epyc:Forge.Loop.ForgedBlock](Info,47) Forged block in slot 3620
Generic, canonical-identity and serialization rows on a real devnet	Run the generic rows as a packaged app without a dev shell	2026-09-12T10:31:26.0304590Z 
Generic, canonical-identity and serialization rows on a real devnet	Run the generic rows as a packaged app without a dev shell	2026-09-12T10:31:26.0534766Z conformance run: FAILED: ROWS THE RUN CANNOT REPORT AS PASSING
Generic, canonical-identity and serialization rows on a real devnet	Run the generic rows as a packaged app without a dev shell	2026-09-12T10:31:26.0538087Z - Held (Q-002, story 2: Singular's Lean and the consumer's theorem disagree and the chain sided with Singular's Lean; receipts carry verdict held-q002): CG11 CG12 CG19
Generic, canonical-identity and serialization rows on a real devnet	Run the generic rows as a packaged app without a dev shell	2026-09-12T10:31:26.0541551Z - Failing against this candidate (verdict diverges-from-lean — the chain refused what the Lean requires accepted): none
Generic, canonical-identity and serialization rows on a real devnet	Run the generic rows as a packaged app without a dev shell	2026-09-12T10:31:26.0543130Z These rows are the milestone owner's to carry to the user.
Generic, canonical-identity and serialization rows on a real devnet	Run the generic rows as a packaged app without a dev shell	2026-09-12T10:31:26.0543932Z exit_status: 1
Generic, canonical-identity and serialization rows on a real devnet	Run the generic rows as a packaged app without a dev shell	2026-09-12T10:31:26.0720932Z generic session exit: 1 (expected: exactly 1, the handled session-debt exit)
Generic, canonical-identity and serialization rows on a real devnet	Run the generic rows as a packaged app without a dev shell	2026-09-12T10:31:29.6504622Z GREEN = expected-debt assertion held: 13 rows executed on a clean candidate-bound tree, verdicts and CL01 measurement evidence as declared, held debt exactly CG11 CG12 CG19, nothing failing.
Generic, canonical-identity and serialization rows on a real devnet	Run the generic rows as a packaged app without a dev shell	2026-09-12T10:31:29.6506206Z A GREEN STEP IS NOT A FULFILLED CONSUMER PROMISE: R5_plugin_pinned, R8_empty_fold_refused and R11_contribute_value stay unmet (upstream #100/#101); strict completion and release stay RED on that debt.
Generic, canonical-identity and serialization rows on a real devnet	Run the canonical-identity rows as a packaged app without a dev shell	﻿2026-09-12T10:31:29.6572108Z ##[group]Run mpfs="$(nix build --quiet --no-link --print-out-paths ../onchain#plutus-blueprint)"
Generic, canonical-identity and serialization rows on a real devnet	Run the canonical-identity rows as a packaged app without a dev shell	2026-09-12T10:31:29.6573819Z [36;1mmpfs="$(nix build --quiet --no-link --print-out-paths ../onchain#plutus-blueprint)"[0m
Generic, canonical-identity and serialization rows on a real devnet	Run the canonical-identity rows as a packaged app without a dev shell	2026-09-12T10:31:29.6575713Z [36;1mMPFS_BLUEPRINT="$mpfs" nix run --quiet .#conformance -- run CA01 CA02 CA03 CA04 CA05 --receipts-dir ./conformance-receipts[0m
Generic, canonical-identity and serialization rows on a real devnet	Run the canonical-identity rows as a packaged app without a dev shell	2026-09-12T10:31:29.6580785Z shell: /nix/store/x12lw455sq6qy2wcya85d7rb88ybc3df-bash-interactive-5.3p9/bin/bash -e {0}
Generic, canonical-identity and serialization rows on a real devnet	Run the canonical-identity rows as a packaged app without a dev shell	2026-09-12T10:31:29.6581952Z env:
Generic, canonical-identity and serialization rows on a real devnet	Run the canonical-identity rows as a packaged app without a dev shell	2026-09-12T10:31:29.6582794Z   XDG_CACHE_HOME: /srv/ci-work/runner-2/work/_temp/nix-cache-34688189788-1-conformance
Generic, canonical-identity and serialization rows on a real devnet	Run the canonical-identity rows as a packaged app without a dev shell	2026-09-12T10:31:29.6584753Z   NIX_USER_CONF_FILES: /srv/ci-work/runner-2/work/_temp/cachixnSCqjt/nix.conf:/srv/ci-work/runner-2/work/.config/nix/nix.conf:/etc/xdg/nix/nix.conf
Generic, canonical-identity and serialization rows on a real devnet	Run the canonical-identity rows as a packaged app without a dev shell	2026-09-12T10:31:29.6586600Z   CACHIX_DAEMON_DIR: /srv/ci-work/runner-2/work/_temp/cachixnSCqjt
Generic, canonical-identity and serialization rows on a real devnet	Run the canonical-identity rows as a packaged app without a dev shell	2026-09-12T10:31:29.6587470Z ##[endgroup]
Generic, canonical-identity and serialization rows on a real devnet	Run the canonical-identity rows as a packaged app without a dev shell	2026-09-12T10:31:31.5359235Z control: Normal
Generic, canonical-identity and serialization rows on a real devnet	Run the canonical-identity rows as a packaged app without a dev shell	2026-09-12T10:31:31.5379022Z base: 404c79d2cdc184e8a04ab3787ea5e47abe2d4681
Generic, canonical-identity and serialization rows on a real devnet	Run the canonical-identity rows as a packaged app without a dev shell	2026-09-12T10:31:31.5436370Z tree: dirty (receipts record it)
Generic, canonical-identity and serialization rows on a real devnet	Run the canonical-identity rows as a packaged app without a dev shell	2026-09-12T10:31:31.5618373Z node: cardano-node 10.7.0 - linux-x86_64 - ghc-9.6
Generic, canonical-identity and serialization rows on a real devnet	Run the canonical-identity rows as a packaged app without a dev shell	2026-09-12T10:31:31.5620424Z tmpdir: /tmp/conformance-3311997-1789209091561
Generic, canonical-identity and serialization rows on a real devnet	Run the canonical-identity rows as a packaged app without a dev shell	2026-09-12T10:31:44.2439043Z boot: CA session: canonical seed published at outRef OnChainTxOutRef {txOutRefId = "VC\224\229\192\fP\RS^\138\181O\129\198cx\ETX&\r\197\&9[j\238\214E(\RS\\l\180X", txOutRefIdx = 0} — the consumer derives the canonical name as SHA-256 of this outRef
Generic, canonical-identity and serialization rows on a real devnet	Run the canonical-identity rows as a packaged app without a dev shell	2026-09-12T10:31:49.7515983Z measure: CA01-boot fold mem=143440/140000000 (0.10245714285714286%, headroom 139856560) cpu=46848478/10000000000 (0.46848478%, headroom 9953151522) size=8503/16384 (51.898193359375%, headroom 7881)
Generic, canonical-identity and serialization rows on a real devnet	Run the canonical-identity rows as a packaged app without a dev shell	2026-09-12T10:31:49.7537104Z row: CA01: canonical registry token name 0x1f84b09c2bdfe9cb7e603732d7a842a99fcb54c5b4c8e8e68802c774ffa1b212 = SHA-256 of the published seed's outRef, matched on chain at quantity one; the fabricated outRef derives 0x80eed833257c4def4151996120f160fc39b8401bc8695fa03ff2821b1a855117 and does not match (control)
Generic, canonical-identity and serialization rows on a real devnet	Run the canonical-identity rows as a packaged app without a dev shell	2026-09-12T10:32:00.2297788Z measure: CA02-rival-boot fold mem=143440/140000000 (0.10245714285714286%, headroom 139856560) cpu=46848478/10000000000 (0.46848478%, headroom 9953151522) size=8503/16384 (51.898193359375%, headroom 7881)
Generic, canonical-identity and serialization rows on a real devnet	Run the canonical-identity rows as a packaged app without a dev shell	2026-09-12T10:32:00.2331101Z row: CA02: rival ACCEPTED by the ledger, as the settled design requires — tx=593605260e1bd862daab9c33180af8abdca88568da43f37604dd5d561dda241e live at the applied address under token 0xa22c4345cecc0278cfb91f99570bb1eed1e74e7baf8b662231e3b7611f86417a vs canonical 0x1f84b09c2bdfe9cb7e603732d7a842a99fcb54c5b4c8e8e68802c774ffa1b212 (each SHA-256 of its own seed's outRef); the canonical registry is unaffected: same UTxO, value and datum bytes as the CA01 snapshot; authentication rejects the rival on the derived name
Generic, canonical-identity and serialization rows on a real devnet	Run the canonical-identity rows as a packaged app without a dev shell	2026-09-12T10:32:00.2341937Z row: CA03: control fired — the policy+address authenticator accepts the rival (weak=AuthAccept) while the derived-name check rejects it (strong=AuthReject NameMismatch): the name is the only discriminator
Generic, canonical-identity and serialization rows on a real devnet	Run the canonical-identity rows as a packaged app without a dev shell	2026-09-12T10:32:00.2436746Z row: CA04: pinned unapplied 0xd42860fa972c8a325daae773adc372795c48cf365d0a72b137c749d3 (1 declared parameter) applied in Haskell to 0xce7615f6ba4de80dfa9b9c6aef680666472ba4ed7e640ff55aad7c6e — derived address Addr Testnet (ScriptHashObj (ScriptHash "ce7615f6ba4de80dfa9b9c6aef680666472ba4ed7e640ff55aad7c6e")) StakeRefNull equals the chain-reported address; the unapplied layer's address Addr Testnet (ScriptHashObj (ScriptHash "d42860fa972c8a325daae773adc372795c48cf365d0a72b137c749d3")) StakeRefNull does not pass for the deployed script (control)
Generic, canonical-identity and serialization rows on a real devnet	Run the canonical-identity rows as a packaged app without a dev shell	2026-09-12T10:32:05.5439627Z measure: CA05-forged fold mem=0/140000000 (0.0%, headroom 140000000) cpu=0/10000000000 (0.0%, headroom 10000000000) size=333/16384 (2.032470703125%, headroom 16051)
Generic, canonical-identity and serialization rows on a real devnet	Run the canonical-identity rows as a packaged app without a dev shell	2026-09-12T10:32:05.5457735Z row: CA05: forged output accepted at the canonical address with NO script executed (no witness, no redeemer, no mint, empty node evaluation; the same detector fires on the boot tx) — creating an output is not execution of its receiving validator; authentication rejects it: no token under the canonical policy
Generic, canonical-identity and serialization rows on a real devnet	Run the canonical-identity rows as a packaged app without a dev shell	2026-09-12T10:32:05.5461623Z complete: 5/5 rows ok
Generic, canonical-identity and serialization rows on a real devnet	Run the canonical-identity rows as a packaged app without a dev shell	2026-09-12T10:32:05.5905845Z exit_status: 0
Generic, canonical-identity and serialization rows on a real devnet	Run the serialization rows as a packaged app without a dev shell	﻿2026-09-12T10:32:05.6077541Z ##[group]Run mpfs="$(nix build --quiet --no-link --print-out-paths ../onchain#plutus-blueprint)"
Generic, canonical-identity and serialization rows on a real devnet	Run the serialization rows as a packaged app without a dev shell	2026-09-12T10:32:05.6078971Z [36;1mmpfs="$(nix build --quiet --no-link --print-out-paths ../onchain#plutus-blueprint)"[0m
Generic, canonical-identity and serialization rows on a real devnet	Run the serialization rows as a packaged app without a dev shell	2026-09-12T10:32:05.6080306Z [36;1mMPFS_BLUEPRINT="$mpfs" nix run --quiet .#conformance -- run CS01 CS02 CS03 CS04 CS05 CS06 CS08 --receipts-dir ./conformance-receipts[0m
Generic, canonical-identity and serialization rows on a real devnet	Run the serialization rows as a packaged app without a dev shell	2026-09-12T10:32:05.6083761Z shell: /nix/store/x12lw455sq6qy2wcya85d7rb88ybc3df-bash-interactive-5.3p9/bin/bash -e {0}
Generic, canonical-identity and serialization rows on a real devnet	Run the serialization rows as a packaged app without a dev shell	2026-09-12T10:32:05.6084582Z env:
Generic, canonical-identity and serialization rows on a real devnet	Run the serialization rows as a packaged app without a dev shell	2026-09-12T10:32:05.6085143Z   XDG_CACHE_HOME: /srv/ci-work/runner-2/work/_temp/nix-cache-34688189788-1-conformance
Generic, canonical-identity and serialization rows on a real devnet	Run the serialization rows as a packaged app without a dev shell	2026-09-12T10:32:05.6086454Z   NIX_USER_CONF_FILES: /srv/ci-work/runner-2/work/_temp/cachixnSCqjt/nix.conf:/srv/ci-work/runner-2/work/.config/nix/nix.conf:/etc/xdg/nix/nix.conf
Generic, canonical-identity and serialization rows on a real devnet	Run the serialization rows as a packaged app without a dev shell	2026-09-12T10:32:05.6087936Z   CACHIX_DAEMON_DIR: /srv/ci-work/runner-2/work/_temp/cachixnSCqjt
Generic, canonical-identity and serialization rows on a real devnet	Run the serialization rows as a packaged app without a dev shell	2026-09-12T10:32:05.6088624Z ##[endgroup]
Generic, canonical-identity and serialization rows on a real devnet	Run the serialization rows as a packaged app without a dev shell	2026-09-12T10:32:06.2533675Z control: Normal
Generic, canonical-identity and serialization rows on a real devnet	Run the serialization rows as a packaged app without a dev shell	2026-09-12T10:32:06.2555719Z base: 404c79d2cdc184e8a04ab3787ea5e47abe2d4681
Generic, canonical-identity and serialization rows on a real devnet	Run the serialization rows as a packaged app without a dev shell	2026-09-12T10:32:06.2612031Z tree: dirty (receipts record it)
Generic, canonical-identity and serialization rows on a real devnet	Run the serialization rows as a packaged app without a dev shell	2026-09-12T10:32:06.2613489Z control: normal
Generic, canonical-identity and serialization rows on a real devnet	Run the serialization rows as a packaged app without a dev shell	2026-09-12T10:32:06.2634426Z roundtrip-OnChainTokenId: ok
Generic, canonical-identity and serialization rows on a real devnet	Run the serialization rows as a packaged app without a dev shell	2026-09-12T10:32:06.2635071Z check-OnChainTokenId: schema ok
Generic, canonical-identity and serialization rows on a real devnet	Run the serialization rows as a packaged app without a dev shell	2026-09-12T10:32:06.2635417Z index-OnChainTokenId: Constr 0 ok
Generic, canonical-identity and serialization rows on a real devnet	Run the serialization rows as a packaged app without a dev shell	2026-09-12T10:32:06.2635740Z roundtrip-OnChainTxOutRef: ok
Generic, canonical-identity and serialization rows on a real devnet	Run the serialization rows as a packaged app without a dev shell	2026-09-12T10:32:06.2636063Z check-OnChainTxOutRef: schema ok
Generic, canonical-identity and serialization rows on a real devnet	Run the serialization rows as a packaged app without a dev shell	2026-09-12T10:32:06.2636715Z index-OnChainTxOutRef: Constr 0 ok
Generic, canonical-identity and serialization rows on a real devnet	Run the serialization rows as a packaged app without a dev shell	2026-09-12T10:32:06.2637024Z roundtrip-OnChainRoot: ok
Generic, canonical-identity and serialization rows on a real devnet	Run the serialization rows as a packaged app without a dev shell	2026-09-12T10:32:06.2637300Z check-OnChainRoot: schema ok
Generic, canonical-identity and serialization rows on a real devnet	Run the serialization rows as a packaged app without a dev shell	2026-09-12T10:32:06.2637609Z index-OnChainRoot: bytes ok (no constructor)
Generic, canonical-identity and serialization rows on a real devnet	Run the serialization rows as a packaged app without a dev shell	2026-09-12T10:32:06.2638016Z roundtrip-OpInsert: ok
Generic, canonical-identity and serialization rows on a real devnet	Run the serialization rows as a packaged app without a dev shell	2026-09-12T10:32:06.2638296Z roundtrip-OpDelete: ok
Generic, canonical-identity and serialization rows on a real devnet	Run the serialization rows as a packaged app without a dev shell	2026-09-12T10:32:06.2638550Z roundtrip-OpUpdate: ok
Generic, canonical-identity and serialization rows on a real devnet	Run the serialization rows as a packaged app without a dev shell	2026-09-12T10:32:06.2638803Z check-OpInsert: schema ok
Generic, canonical-identity and serialization rows on a real devnet	Run the serialization rows as a packaged app without a dev shell	2026-09-12T10:32:06.2639069Z check-OpDelete: schema ok
Generic, canonical-identity and serialization rows on a real devnet	Run the serialization rows as a packaged app without a dev shell	2026-09-12T10:32:06.2639337Z check-OpUpdate: schema ok
Generic, canonical-identity and serialization rows on a real devnet	Run the serialization rows as a packaged app without a dev shell	2026-09-12T10:32:06.2639606Z index-OpInsert: Constr 0 ok
Generic, canonical-identity and serialization rows on a real devnet	Run the serialization rows as a packaged app without a dev shell	2026-09-12T10:32:06.2639881Z index-OpDelete: Constr 1 ok
Generic, canonical-identity and serialization rows on a real devnet	Run the serialization rows as a packaged app without a dev shell	2026-09-12T10:32:06.2640162Z index-OpUpdate: Constr 2 ok
Generic, canonical-identity and serialization rows on a real devnet	Run the serialization rows as a packaged app without a dev shell	2026-09-12T10:32:06.2640446Z roundtrip-OnChainRequest: ok
Generic, canonical-identity and serialization rows on a real devnet	Run the serialization rows as a packaged app without a dev shell	2026-09-12T10:32:06.2640741Z check-OnChainRequest: schema ok
Generic, canonical-identity and serialization rows on a real devnet	Run the serialization rows as a packaged app without a dev shell	2026-09-12T10:32:06.2641049Z index-OnChainRequest: Constr 0 ok
Generic, canonical-identity and serialization rows on a real devnet	Run the serialization rows as a packaged app without a dev shell	2026-09-12T10:32:06.2641377Z roundtrip-OnChainTokenState-None: ok
Generic, canonical-identity and serialization rows on a real devnet	Run the serialization rows as a packaged app without a dev shell	2026-09-12T10:32:06.2641720Z roundtrip-OnChainTokenState-Some: ok
Generic, canonical-identity and serialization rows on a real devnet	Run the serialization rows as a packaged app without a dev shell	2026-09-12T10:32:06.2642076Z check-OnChainTokenState-None: schema ok
Generic, canonical-identity and serialization rows on a real devnet	Run the serialization rows as a packaged app without a dev shell	2026-09-12T10:32:06.2642424Z check-OnChainTokenState-Some: schema ok
Generic, canonical-identity and serialization rows on a real devnet	Run the serialization rows as a packaged app without a dev shell	2026-09-12T10:32:06.2642757Z index-OnChainTokenState: Constr 0 ok
Generic, canonical-identity and serialization rows on a real devnet	Run the serialization rows as a packaged app without a dev shell	2026-09-12T10:32:06.2643107Z roundtrip-RequestDatum: ok
Generic, canonical-identity and serialization rows on a real devnet	Run the serialization rows as a packaged app without a dev shell	2026-09-12T10:32:06.2643392Z roundtrip-StateDatum: ok
Generic, canonical-identity and serialization rows on a real devnet	Run the serialization rows as a packaged app without a dev shell	2026-09-12T10:32:06.2643673Z check-RequestDatum: schema ok
Generic, canonical-identity and serialization rows on a real devnet	Run the serialization rows as a packaged app without a dev shell	2026-09-12T10:32:06.2643955Z check-StateDatum: schema ok
Generic, canonical-identity and serialization rows on a real devnet	Run the serialization rows as a packaged app without a dev shell	2026-09-12T10:32:06.2644234Z index-RequestDatum: Constr 0 ok
Generic, canonical-identity and serialization rows on a real devnet	Run the serialization rows as a packaged app without a dev shell	2026-09-12T10:32:06.2644536Z index-StateDatum: Constr 1 ok
Generic, canonical-identity and serialization rows on a real devnet	Run the serialization rows as a packaged app without a dev shell	2026-09-12T10:32:06.2644812Z roundtrip-Minting: ok
Generic, canonical-identity and serialization rows on a real devnet	Run the serialization rows as a packaged app without a dev shell	2026-09-12T10:32:06.2645067Z roundtrip-Migrating: ok
Generic, canonical-identity and serialization rows on a real devnet	Run the serialization rows as a packaged app without a dev shell	2026-09-12T10:32:06.2645323Z roundtrip-Burning: ok
Generic, canonical-identity and serialization rows on a real devnet	Run the serialization rows as a packaged app without a dev shell	2026-09-12T10:32:06.2645580Z check-Minting: schema ok
Generic, canonical-identity and serialization rows on a real devnet	Run the serialization rows as a packaged app without a dev shell	2026-09-12T10:32:06.2645843Z check-Migrating: schema ok
Generic, canonical-identity and serialization rows on a real devnet	Run the serialization rows as a packaged app without a dev shell	2026-09-12T10:32:06.2646109Z check-Burning: schema ok
Generic, canonical-identity and serialization rows on a real devnet	Run the serialization rows as a packaged app without a dev shell	2026-09-12T10:32:06.2646371Z index-Minting: Constr 0 ok
Generic, canonical-identity and serialization rows on a real devnet	Run the serialization rows as a packaged app without a dev shell	2026-09-12T10:32:06.2646643Z index-Migrating: Constr 1 ok
Generic, canonical-identity and serialization rows on a real devnet	Run the serialization rows as a packaged app without a dev shell	2026-09-12T10:32:06.2646923Z index-Burning: Constr 2 ok
Generic, canonical-identity and serialization rows on a real devnet	Run the serialization rows as a packaged app without a dev shell	2026-09-12T10:32:06.2647195Z roundtrip-Migration: ok
Generic, canonical-identity and serialization rows on a real devnet	Run the serialization rows as a packaged app without a dev shell	2026-09-12T10:32:06.2647460Z check-Migration: schema ok
Generic, canonical-identity and serialization rows on a real devnet	Run the serialization rows as a packaged app without a dev shell	2026-09-12T10:32:06.2647728Z index-Migration: Constr 0 ok
Generic, canonical-identity and serialization rows on a real devnet	Run the serialization rows as a packaged app without a dev shell	2026-09-12T10:32:06.2648058Z roundtrip-Update: ok
Generic, canonical-identity and serialization rows on a real devnet	Run the serialization rows as a packaged app without a dev shell	2026-09-12T10:32:06.2648307Z roundtrip-Rejected: ok
Generic, canonical-identity and serialization rows on a real devnet	Run the serialization rows as a packaged app without a dev shell	2026-09-12T10:32:06.2648560Z check-Update: schema ok
Generic, canonical-identity and serialization rows on a real devnet	Run the serialization rows as a packaged app without a dev shell	2026-09-12T10:32:06.2648813Z check-Rejected: schema ok
Generic, canonical-identity and serialization rows on a real devnet	Run the serialization rows as a packaged app without a dev shell	2026-09-12T10:32:06.2649081Z index-Update: Constr 0 ok
Generic, canonical-identity and serialization rows on a real devnet	Run the serialization rows as a packaged app without a dev shell	2026-09-12T10:32:06.2649345Z index-Rejected: Constr 1 ok
Generic, canonical-identity and serialization rows on a real devnet	Run the serialization rows as a packaged app without a dev shell	2026-09-12T10:32:06.2649847Z roundtrip-End: ok
Generic, canonical-identity and serialization rows on a real devnet	Run the serialization rows as a packaged app without a dev shell	2026-09-12T10:32:06.2650093Z roundtrip-Contribute: ok
Generic, canonical-identity and serialization rows on a real devnet	Run the serialization rows as a packaged app without a dev shell	2026-09-12T10:32:06.2650354Z roundtrip-Modify: ok
Generic, canonical-identity and serialization rows on a real devnet	Run the serialization rows as a packaged app without a dev shell	2026-09-12T10:32:06.2650606Z roundtrip-Retract: ok
Generic, canonical-identity and serialization rows on a real devnet	Run the serialization rows as a packaged app without a dev shell	2026-09-12T10:32:06.2650852Z roundtrip-Sweep: ok
Generic, canonical-identity and serialization rows on a real devnet	Run the serialization rows as a packaged app without a dev shell	2026-09-12T10:32:06.2651103Z check-Contribute: schema ok
Generic, canonical-identity and serialization rows on a real devnet	Run the serialization rows as a packaged app without a dev shell	2026-09-12T10:32:06.2651371Z check-Modify: schema ok
Generic, canonical-identity and serialization rows on a real devnet	Run the serialization rows as a packaged app without a dev shell	2026-09-12T10:32:06.2651623Z check-Retract: schema ok
Generic, canonical-identity and serialization rows on a real devnet	Run the serialization rows as a packaged app without a dev shell	2026-09-12T10:32:06.2651880Z check-Sweep: schema ok
Generic, canonical-identity and serialization rows on a real devnet	Run the serialization rows as a packaged app without a dev shell	2026-09-12T10:32:06.2652130Z check-End: schema ok
Generic, canonical-identity and serialization rows on a real devnet	Run the serialization rows as a packaged app without a dev shell	2026-09-12T10:32:06.2652370Z index-End: Constr 0 ok
Generic, canonical-identity and serialization rows on a real devnet	Run the serialization rows as a packaged app without a dev shell	2026-09-12T10:32:06.2652627Z index-Contribute: Constr 1 ok
Generic, canonical-identity and serialization rows on a real devnet	Run the serialization rows as a packaged app without a dev shell	2026-09-12T10:32:06.2652919Z index-Modify: Constr 2 ok
Generic, canonical-identity and serialization rows on a real devnet	Run the serialization rows as a packaged app without a dev shell	2026-09-12T10:32:06.2653187Z index-Retract: Constr 3 ok
Generic, canonical-identity and serialization rows on a real devnet	Run the serialization rows as a packaged app without a dev shell	2026-09-12T10:32:06.2653455Z index-Sweep: Constr 4 ok
Generic, canonical-identity and serialization rows on a real devnet	Run the serialization rows as a packaged app without a dev shell	2026-09-12T10:32:06.2653756Z control-bad-index: Constr 99 correctly rejected
Generic, canonical-identity and serialization rows on a real devnet	Run the serialization rows as a packaged app without a dev shell	2026-09-12T10:32:06.2654101Z roundtrip-Branch: ok
Generic, canonical-identity and serialization rows on a real devnet	Run the serialization rows as a packaged app without a dev shell	2026-09-12T10:32:06.2654343Z roundtrip-Fork: ok
Generic, canonical-identity and serialization rows on a real devnet	Run the serialization rows as a packaged app without a dev shell	2026-09-12T10:32:06.2654579Z roundtrip-Leaf: ok
Generic, canonical-identity and serialization rows on a real devnet	Run the serialization rows as a packaged app without a dev shell	2026-09-12T10:32:06.2654820Z check-Branch: schema ok
Generic, canonical-identity and serialization rows on a real devnet	Run the serialization rows as a packaged app without a dev shell	2026-09-12T10:32:06.2655071Z check-Fork: schema ok
Generic, canonical-identity and serialization rows on a real devnet	Run the serialization rows as a packaged app without a dev shell	2026-09-12T10:32:06.2655310Z check-Leaf: schema ok
Generic, canonical-identity and serialization rows on a real devnet	Run the serialization rows as a packaged app without a dev shell	2026-09-12T10:32:06.2655557Z index-Branch: Constr 0 ok
Generic, canonical-identity and serialization rows on a real devnet	Run the serialization rows as a packaged app without a dev shell	2026-09-12T10:32:06.2655832Z index-Fork: Constr 1 ok
Generic, canonical-identity and serialization rows on a real devnet	Run the serialization rows as a packaged app without a dev shell	2026-09-12T10:32:06.2656080Z index-Leaf: Constr 2 ok
Generic, canonical-identity and serialization rows on a real devnet	Run the serialization rows as a packaged app without a dev shell	2026-09-12T10:32:06.2656343Z roundtrip-Neighbor: ok
Generic, canonical-identity and serialization rows on a real devnet	Run the serialization rows as a packaged app without a dev shell	2026-09-12T10:32:06.2656603Z check-Neighbor: schema ok
Generic, canonical-identity and serialization rows on a real devnet	Run the serialization rows as a packaged app without a dev shell	2026-09-12T10:32:06.2656870Z index-Neighbor: Constr 0 ok
Generic, canonical-identity and serialization rows on a real devnet	Run the serialization rows as a packaged app without a dev shell	2026-09-12T10:32:06.2657280Z check-stake-Some: schema ok
Generic, canonical-identity and serialization rows on a real devnet	Run the serialization rows as a packaged app without a dev shell	2026-09-12T10:32:06.2657554Z check-stake-None: schema ok
Generic, canonical-identity and serialization rows on a real devnet	Run the serialization rows as a packaged app without a dev shell	2026-09-12T10:32:06.2657919Z index-stake-Some: Constr 0 ok
Generic, canonical-identity and serialization rows on a real devnet	Run the serialization rows as a packaged app without a dev shell	2026-09-12T10:32:06.2658214Z index-stake-None: Constr 1 ok
Generic, canonical-identity and serialization rows on a real devnet	Run the serialization rows as a packaged app without a dev shell	2026-09-12T10:32:06.2658484Z fields-State: order ok
Generic, canonical-identity and serialization rows on a real devnet	Run the serialization rows as a packaged app without a dev shell	2026-09-12T10:32:06.2658739Z fields-Request: order ok
Generic, canonical-identity and serialization rows on a real devnet	Run the serialization rows as a packaged app without a dev shell	2026-09-12T10:32:06.2659006Z fields-Migration: order ok
Generic, canonical-identity and serialization rows on a real devnet	Run the serialization rows as a packaged app without a dev shell	2026-09-12T10:32:06.2659271Z fields-TokenId: order ok
Generic, canonical-identity and serialization rows on a real devnet	Run the serialization rows as a packaged app without a dev shell	2026-09-12T10:32:06.2659546Z fields-OutputReference: order ok
Generic, canonical-identity and serialization rows on a real devnet	Run the serialization rows as a packaged app without a dev shell	2026-09-12T10:32:06.2659842Z fields-Neighbor: order ok
Generic, canonical-identity and serialization rows on a real devnet	Run the serialization rows as a packaged app without a dev shell	2026-09-12T10:32:06.2660113Z fields-Branch: order ok
Generic, canonical-identity and serialization rows on a real devnet	Run the serialization rows as a packaged app without a dev shell	2026-09-12T10:32:06.2660359Z fields-Fork: order ok
Generic, canonical-identity and serialization rows on a real devnet	Run the serialization rows as a packaged app without a dev shell	2026-09-12T10:32:06.2660598Z fields-Leaf: order ok
Generic, canonical-identity and serialization rows on a real devnet	Run the serialization rows as a packaged app without a dev shell	2026-09-12T10:32:06.2660929Z fields: title order matches Haskell record order for 9 shapes
Generic, canonical-identity and serialization rows on a real devnet	Run the serialization rows as a packaged app without a dev shell	2026-09-12T10:32:06.2956118Z row: CS01: ACCEPTED 13 types vs blueprint, size=92587
Generic, canonical-identity and serialization rows on a real devnet	Run the serialization rows as a packaged app without a dev shell	2026-09-12T10:32:06.2956947Z control: normal
Generic, canonical-identity and serialization rows on a real devnet	Run the serialization rows as a packaged app without a dev shell	2026-09-12T10:32:06.2961643Z params-state: 1 [("previousPolicies","#/definitions/List<cardano~1assets~1PolicyId>")]
Generic, canonical-identity and serialization rows on a real devnet	Run the serialization rows as a packaged app without a dev shell	2026-09-12T10:32:06.2962930Z param-previousPolicies: encoding ok
Generic, canonical-identity and serialization rows on a real devnet	Run the serialization rows as a packaged app without a dev shell	2026-09-12T10:32:06.2963740Z params-state: count 1 and encoding ok
Generic, canonical-identity and serialization rows on a real devnet	Run the serialization rows as a packaged app without a dev shell	2026-09-12T10:32:06.2965626Z params-request: 2 [("statePolicyId","#/definitions/cardano~1assets~1PolicyId"),("cageTokenName","#/definitions/cardano~1assets~1AssetName")]
Generic, canonical-identity and serialization rows on a real devnet	Run the serialization rows as a packaged app without a dev shell	2026-09-12T10:32:06.2967352Z param-statePolicyId: encoding ok
Generic, canonical-identity and serialization rows on a real devnet	Run the serialization rows as a packaged app without a dev shell	2026-09-12T10:32:06.2968189Z param-cageTokenName: encoding ok
Generic, canonical-identity and serialization rows on a real devnet	Run the serialization rows as a packaged app without a dev shell	2026-09-12T10:32:06.2968923Z params-request: count 2, order and encoding ok
Generic, canonical-identity and serialization rows on a real devnet	Run the serialization rows as a packaged app without a dev shell	2026-09-12T10:32:06.2969730Z params-staking: count 0 (null) ok
Generic, canonical-identity and serialization rows on a real devnet	Run the serialization rows as a packaged app without a dev shell	2026-09-12T10:32:06.2970607Z unapplied-state: computed 0xd42860fa972c pinned 0xd42860fa972c
Generic, canonical-identity and serialization rows on a real devnet	Run the serialization rows as a packaged app without a dev shell	2026-09-12T10:32:06.2971511Z unapplied-state: match ok
Generic, canonical-identity and serialization rows on a real devnet	Run the serialization rows as a packaged app without a dev shell	2026-09-12T10:32:06.2972321Z unapplied-request: computed 0x8970c2865b1a pinned 0x8970c2865b1a
Generic, canonical-identity and serialization rows on a real devnet	Run the serialization rows as a packaged app without a dev shell	2026-09-12T10:32:06.2973476Z unapplied-request: match ok
Generic, canonical-identity and serialization rows on a real devnet	Run the serialization rows as a packaged app without a dev shell	2026-09-12T10:32:06.2974129Z unapplied-staking: match ok
Generic, canonical-identity and serialization rows on a real devnet	Run the serialization rows as a packaged app without a dev shell	2026-09-12T10:32:06.3017300Z applied-state: unapplied 0xd42860fa972c applied 0xce7615f6ba4d with previousPolicies=[]
Generic, canonical-identity and serialization rows on a real devnet	Run the serialization rows as a packaged app without a dev shell	2026-09-12T10:32:06.3018741Z applied-state: application changes the hash ok
Generic, canonical-identity and serialization rows on a real devnet	Run the serialization rows as a packaged app without a dev shell	2026-09-12T10:32:06.3054179Z applied-state: non-empty allowlist discriminates ok
Generic, canonical-identity and serialization rows on a real devnet	Run the serialization rows as a packaged app without a dev shell	2026-09-12T10:32:06.3079537Z applied-request: unapplied 0x8970c2865b1a applied 0xc467bfc3b29c
Generic, canonical-identity and serialization rows on a real devnet	Run the serialization rows as a packaged app without a dev shell	2026-09-12T10:32:06.3080641Z applied-request: application changes the hash ok
Generic, canonical-identity and serialization rows on a real devnet	Run the serialization rows as a packaged app without a dev shell	2026-09-12T10:32:06.3101965Z applied-request: param order discriminates ok
Generic, canonical-identity and serialization rows on a real devnet	Run the serialization rows as a packaged app without a dev shell	2026-09-12T10:32:06.3102536Z applied-sizes: [7806,2852,85]
Generic, canonical-identity and serialization rows on a real devnet	Run the serialization rows as a packaged app without a dev shell	2026-09-12T10:32:06.3363549Z row: CS06: ACCEPTED params state=1 request=2 staking=0, applied-size=7806
Generic, canonical-identity and serialization rows on a real devnet	Run the serialization rows as a packaged app without a dev shell	2026-09-12T10:32:06.3555059Z node: cardano-node 10.7.0 - linux-x86_64 - ghc-9.6
Generic, canonical-identity and serialization rows on a real devnet	Run the serialization rows as a packaged app without a dev shell	2026-09-12T10:32:06.3556016Z tmpdir: /tmp/conformance-3313067-1789209126355
Generic, canonical-identity and serialization rows on a real devnet	Run the serialization rows as a packaged app without a dev shell	2026-09-12T10:32:24.8096870Z measure: CS02 mem=143440/140000000 cpu=46848478/10000000000 size=8467/16384 (51.678466796875%)
Generic, canonical-identity and serialization rows on a real devnet	Run the serialization rows as a packaged app without a dev shell	2026-09-12T10:32:24.8103787Z row: CS02: ACCEPTED datum bytes identical (state+request)
Generic, canonical-identity and serialization rows on a real devnet	Run the serialization rows as a packaged app without a dev shell	2026-09-12T10:33:16.1025503Z measure: CS03 mem=636760/140000000 cpu=213173059/10000000000 size=11451/16384 (69.891357421875%)
Generic, canonical-identity and serialization rows on a real devnet	Run the serialization rows as a packaged app without a dev shell	2026-09-12T10:33:16.1028795Z row: CS03: ACCEPTED End/Contribute/Modify/Retract/Sweep executed
Generic, canonical-identity and serialization rows on a real devnet	Run the serialization rows as a packaged app without a dev shell	2026-09-12T10:33:27.1832582Z row: CS04: REFUSED wrong index by request+state (state marker 0xce7615f6ba4d; ledger order, unstable)
Generic, canonical-identity and serialization rows on a real devnet	Run the serialization rows as a packaged app without a dev shell	2026-09-12T10:33:43.1087646Z control: CS04 control: fresh cage accepted a valid fold
Generic, canonical-identity and serialization rows on a real devnet	Run the serialization rows as a packaged app without a dev shell	2026-09-12T10:34:23.9797288Z gap: CS05 Migrating unreachable on previousPolicies=[] (state.ak FR1)
Generic, canonical-identity and serialization rows on a real devnet	Run the serialization rows as a packaged app without a dev shell	2026-09-12T10:34:24.1109949Z measure: CS05 mem=636760/140000000 cpu=213173059/10000000000 size=11451/16384 (69.891357421875%)
Generic, canonical-identity and serialization rows on a real devnet	Run the serialization rows as a packaged app without a dev shell	2026-09-12T10:34:24.1111774Z row: CS05: ACCEPTED Update/Rejected/Minting/Burning + Migrating gap
Generic, canonical-identity and serialization rows on a real devnet	Run the serialization rows as a packaged app without a dev shell	2026-09-12T10:34:34.7752793Z check-stake-Some: present ok
Generic, canonical-identity and serialization rows on a real devnet	Run the serialization rows as a packaged app without a dev shell	2026-09-12T10:34:34.9249502Z measure: CS08 mem=147634/140000000 cpu=49473955/10000000000 size=8498/16384 (51.86767578125%)
Generic, canonical-identity and serialization rows on a real devnet	Run the serialization rows as a packaged app without a dev shell	2026-09-12T10:34:34.9253241Z row: CS08: ACCEPTED six fields survive (None+Some)
Generic, canonical-identity and serialization rows on a real devnet	Run the serialization rows as a packaged app without a dev shell	2026-09-12T10:34:34.9256380Z complete: 5/5 rows ok
Generic, canonical-identity and serialization rows on a real devnet	Run the serialization rows as a packaged app without a dev shell	2026-09-12T10:34:34.9708313Z exit_status: 0
Generic, canonical-identity and serialization rows on a real devnet	Post Run cachix/cachix-action@v17	﻿2026-09-12T10:34:35.0079100Z Post job cleanup.
Generic, canonical-identity and serialization rows on a real devnet	Post Run cachix/cachix-action@v17	2026-09-12T10:34:35.0974274Z ##[group]Cachix: push
Generic, canonical-identity and serialization rows on a real devnet	Post Run cachix/cachix-action@v17	2026-09-12T10:34:35.1008639Z [2026-09-12 10:24:23][Info] Starting Cachix Daemon
Generic, canonical-identity and serialization rows on a real devnet	Post Run cachix/cachix-action@v17	2026-09-12T10:34:35.1010596Z [2026-09-12 10:24:23][Info] Configuration:
Generic, canonical-identity and serialization rows on a real devnet	Post Run cachix/cachix-action@v17	2026-09-12T10:34:35.1011277Z PID: 3276262
Generic, canonical-identity and serialization rows on a real devnet	Post Run cachix/cachix-action@v17	2026-09-12T10:34:35.1012099Z Socket: /srv/ci-work/runner-2/work/_temp/cachixnSCqjt/daemon.sock
Generic, canonical-identity and serialization rows on a real devnet	Post Run cachix/cachix-action@v17	2026-09-12T10:34:35.1013003Z Workers: 8
Generic, canonical-identity and serialization rows on a real devnet	Post Run cachix/cachix-action@v17	2026-09-12T10:34:35.1013459Z Cache name: paolino
Generic, canonical-identity and serialization rows on a real devnet	Post Run cachix/cachix-action@v17	2026-09-12T10:34:35.1014053Z Cache URI: https://paolino.cachix.org
Generic, canonical-identity and serialization rows on a real devnet	Post Run cachix/cachix-action@v17	2026-09-12T10:34:35.1015198Z Cache public keys: ["paolino.cachix.org-1:ecmgO3CXdgSWA2cHlm4srknd/cLFMLmK3i3NrzeDFaE="]
Generic, canonical-identity and serialization rows on a real devnet	Post Run cachix/cachix-action@v17	2026-09-12T10:34:35.1016360Z Cache is public: True
Generic, canonical-identity and serialization rows on a real devnet	Post Run cachix/cachix-action@v17	2026-09-12T10:34:35.1016936Z Compression: ZSTD
Generic, canonical-identity and serialization rows on a real devnet	Post Run cachix/cachix-action@v17	2026-09-12T10:34:35.1018245Z [2026-09-12 10:24:40][Info] Pushing /nix/store/h937fd042zvwinih7yyznp41x7al8avg-conformance-src
Generic, canonical-identity and serialization rows on a real devnet	Post Run cachix/cachix-action@v17	2026-09-12T10:34:35.1019834Z [2026-09-12 10:24:43][Info] Pushed /nix/store/h937fd042zvwinih7yyznp41x7al8avg-conformance-src
Generic, canonical-identity and serialization rows on a real devnet	Post Run cachix/cachix-action@v17	2026-09-12T10:34:35.1020978Z [2026-09-12 10:24:43][Info] Push job 48037bef-52b7-4080-83d6-5836bcb93836 finished in 0s
Generic, canonical-identity and serialization rows on a real devnet	Post Run cachix/cachix-action@v17	2026-09-12T10:34:35.1022172Z [2026-09-12 10:25:17][Info] Skipping /nix/store/zshwvgkhvckw3n9ygg61hb214bg0w3p4-liburing-2.14
Generic, canonical-identity and serialization rows on a real devnet	Post Run cachix/cachix-action@v17	2026-09-12T10:34:35.1023376Z [2026-09-12 10:25:17][Info] Skipping /nix/store/zrnqzhcvlpiycqbswl0w172y4bpn0lb4-bzip2-1.0.8
Generic, canonical-identity and serialization rows on a real devnet	Post Run cachix/cachix-action@v17	2026-09-12T10:34:35.1024582Z [2026-09-12 10:25:17][Info] Skipping /nix/store/zf61wng66ik05clni78571wfmfp5kqzq-libtasn1-4.20.0
Generic, canonical-identity and serialization rows on a real devnet	Post Run cachix/cachix-action@v17	2026-09-12T10:34:35.1025921Z [2026-09-12 10:25:17][Info] Skipping /nix/store/za53jjhjl1xajv3y1zpjvr9mh4w0c1ay-xgcc-14.2.1.20250322-libgcc
Generic, canonical-identity and serialization rows on a real devnet	Post Run cachix/cachix-action@v17	2026-09-12T10:34:35.1027280Z [2026-09-12 10:25:17][Info] Skipping /nix/store/yypqcvqhnv8y4zpicgxdigp3giq81gzb-libunistring-1.3
Generic, canonical-identity and serialization rows on a real devnet	Post Run cachix/cachix-action@v17	2026-09-12T10:34:35.1028678Z [2026-09-12 10:25:17][Info] Skipping /nix/store/ygz5dcpzd7qkw44wpbd65rl6amwpxp5f-libnfnetlink-1.0.2
Generic, canonical-identity and serialization rows on a real devnet	Post Run cachix/cachix-action@v17	2026-09-12T10:34:35.1029956Z [2026-09-12 10:25:17][Info] Skipping /nix/store/ygdgqjzw03k8d05zq3pigzf67b62j7vs-pcre2-10.46
Generic, canonical-identity and serialization rows on a real devnet	Post Run cachix/cachix-action@v17	2026-09-12T10:34:35.1031154Z [2026-09-12 10:25:17][Info] Skipping /nix/store/yfjzkkkyxcalyj7l1n4d4y6s81i65hmy-sqlite-3.48.0
Generic, canonical-identity and serialization rows on a real devnet	Post Run cachix/cachix-action@v17	2026-09-12T10:34:35.1032379Z [2026-09-12 10:25:17][Info] Skipping /nix/store/yba197xwc8vvxv9wmcrs9bngmmgp5njb-gnutls-3.8.9
Generic, canonical-identity and serialization rows on a real devnet	Post Run cachix/cachix-action@v17	2026-09-12T10:34:35.1033603Z [2026-09-12 10:25:17][Info] Skipping /nix/store/yai7mpy5d4rw0jvflyxdf0vzjkiqxhv6-libevent-2.1.12
Generic, canonical-identity and serialization rows on a real devnet	Post Run cachix/cachix-action@v17	2026-09-12T10:34:35.1034813Z [2026-09-12 10:25:17][Info] Skipping /nix/store/xy4jjgw87sbgwylm5kn047d9gkbhsr9x-bash-5.2p37
Generic, canonical-identity and serialization rows on a real devnet	Post Run cachix/cachix-action@v17	2026-09-12T10:34:35.1035997Z [2026-09-12 10:25:17][Info] Skipping /nix/store/xv0pc5nc41v5vi0lac1i2d353s3rqlkm-libxml2-2.13.8
Generic, canonical-identity and serialization rows on a real devnet	Post Run cachix/cachix-action@v17	2026-09-12T10:34:35.1037225Z [2026-09-12 10:25:17][Info] Skipping /nix/store/x5b1rc257vjpzvrbf8r8x2qfc4naf354-snappy-1.2.2-dev
Generic, canonical-identity and serialization rows on a real devnet	Post Run cachix/cachix-action@v17	2026-09-12T10:34:35.1038623Z [2026-09-12 10:25:17][Info] Skipping /nix/store/wxkbp7kwvpxvjh28rigmf6lfq64zlsyj-iptables-1.8.11
Generic, canonical-identity and serialization rows on a real devnet	Post Run cachix/cachix-action@v17	2026-09-12T10:34:35.1039822Z [2026-09-12 10:25:17][Info] Skipping /nix/store/wrxvqj822kz8746608lgns7h8mkpn79f-gnutar-1.35
Generic, canonical-identity and serialization rows on a real devnet	Post Run cachix/cachix-action@v17	2026-09-12T10:34:35.1041007Z [2026-09-12 10:25:17][Info] Skipping /nix/store/w4zidm3vlnzfl5c2xqqp96gw7fn0f9yy-secp256k1-0.3.2
Generic, canonical-identity and serialization rows on a real devnet	Post Run cachix/cachix-action@v17	2026-09-12T10:34:35.1042305Z [2026-09-12 10:25:17][Info] Skipping /nix/store/vrdwlbzr74ibnzcli2yl1nxg9jqmr237-linux-pam-1.6.1
Generic, canonical-identity and serialization rows on a real devnet	Post Run cachix/cachix-action@v17	2026-09-12T10:34:35.1043594Z [2026-09-12 10:25:17][Info] Skipping /nix/store/vpxblivamvic1p5r5zny934jvg33m50r-xgcc-15.2.0-libgcc
Generic, canonical-identity and serialization rows on a real devnet	Post Run cachix/cachix-action@v17	2026-09-12T10:34:35.1044805Z [2026-09-12 10:25:17][Info] Skipping /nix/store/vi21p90v3kj509rx00r101xcqa6za76b-bzip2-1.0.8
Generic, canonical-identity and serialization rows on a real devnet	Post Run cachix/cachix-action@v17	2026-09-12T10:34:35.1045970Z [2026-09-12 10:25:17][Info] Skipping /nix/store/vfmnmqsnfiiqmphy7ffh2zqynsxfck1q-ncurses-6.5
Generic, canonical-identity and serialization rows on a real devnet	Post Run cachix/cachix-action@v17	2026-09-12T10:34:35.1047137Z [2026-09-12 10:25:17][Info] Skipping /nix/store/v8sa6r6q037ihghxfbwzjj4p59v2x0pv-bash-5.3p9
Generic, canonical-identity and serialization rows on a real devnet	Post Run cachix/cachix-action@v17	2026-09-12T10:34:35.1048453Z [2026-09-12 10:25:17][Info] Skipping /nix/store/v7rzgm8p6p0ghg5mqcin4vbx6pcrvc0j-nghttp2-1.65.0-lib
Generic, canonical-identity and serialization rows on a real devnet	Post Run cachix/cachix-action@v17	2026-09-12T10:34:35.1049677Z [2026-09-12 10:25:17][Info] Skipping /nix/store/v578vkzh0qhzczjvrzf64lqb2c74d5pk-curl-8.13.0
Generic, canonical-identity and serialization rows on a real devnet	Post Run cachix/cachix-action@v17	2026-09-12T10:34:35.1050995Z [2026-09-12 10:25:17][Info] Skipping /nix/store/v03zr9slrp64psxlpwh7gn0m5gcdglwm-systemd-minimal-libs-257.5
Generic, canonical-identity and serialization rows on a real devnet	Post Run cachix/cachix-action@v17	2026-09-12T10:34:35.1053006Z [2026-09-12 10:25:17][Info] Skipping /nix/store/srby6wmvg7dp454pwb6qvaxdiri38sc1-zlib-1.3.1
Generic, canonical-identity and serialization rows on a real devnet	Post Run cachix/cachix-action@v17	2026-09-12T10:34:35.1054173Z [2026-09-12 10:25:17][Info] Skipping /nix/store/rx147mrlzx7m905wyngvlr70jb1bwirj-blst-0.3.14
Generic, canonical-identity and serialization rows on a real devnet	Post Run cachix/cachix-action@v17	2026-09-12T10:34:35.1055598Z [2026-09-12 10:25:17][Info] Skipping /nix/store/rvwxynyvrvisdzn5qzb880xahs45jh1h-cardano-node-exe-cardano-node-10.7.0
Generic, canonical-identity and serialization rows on a real devnet	Post Run cachix/cachix-action@v17	2026-09-12T10:34:35.1057069Z [2026-09-12 10:25:17][Info] Skipping /nix/store/rmrbzp98xrk54pdlm7cxhayj4344zw6h-libassuan-3.0.2
Generic, canonical-identity and serialization rows on a real devnet	Post Run cachix/cachix-action@v17	2026-09-12T10:34:35.1058519Z [2026-09-12 10:25:17][Info] Skipping /nix/store/r03ly1w54924k8fag1dhjl3yrllj6czd-util-linux-minimal-2.41-lib
Generic, canonical-identity and serialization rows on a real devnet	Post Run cachix/cachix-action@v17	2026-09-12T10:34:35.1059970Z [2026-09-12 10:25:17][Info] Skipping /nix/store/qxk9122p34qwivq20k154jflwxjjjxb3-dns-root-data-2025-04-14
Generic, canonical-identity and serialization rows on a real devnet	Post Run cachix/cachix-action@v17	2026-09-12T10:34:35.1061226Z [2026-09-12 10:25:17][Info] Skipping /nix/store/qvyvscqgr6vyqvmjdgxqa521myv5db0p-kmod-31
Generic, canonical-identity and serialization rows on a real devnet	Post Run cachix/cachix-action@v17	2026-09-12T10:34:35.1062446Z [2026-09-12 10:25:17][Info] Skipping /nix/store/qqpgwzhpakcqaz6fiy95x19iydj471ca-pcsclite-2.3.0-lib
Generic, canonical-identity and serialization rows on a real devnet	Post Run cachix/cachix-action@v17	2026-09-12T10:34:35.1063757Z [2026-09-12 10:25:17][Info] Skipping /nix/store/qizipyz9y17nr4w4gmxvwd3x4k0bp2rh-libxcrypt-4.4.38
Generic, canonical-identity and serialization rows on a real devnet	Post Run cachix/cachix-action@v17	2026-09-12T10:34:35.1065015Z [2026-09-12 10:25:17][Info] Skipping /nix/store/q4v09bffjy5i0f2kdwnbbwmhqv6i3pjs-zstd-1.5.7-dev
Generic, canonical-identity and serialization rows on a real devnet	Post Run cachix/cachix-action@v17	2026-09-12T10:34:35.1066198Z [2026-09-12 10:25:17][Info] Skipping /nix/store/pa60s415p92gnhv5ffz1bmfgzzfvhvd8-xz-5.8.1
Generic, canonical-identity and serialization rows on a real devnet	Post Run cachix/cachix-action@v17	2026-09-12T10:34:35.1067413Z [2026-09-12 10:25:17][Info] Skipping /nix/store/p7jg95rzvfalb95k3mskk0jqxc9d724n-libunistring-1.4.1
Generic, canonical-identity and serialization rows on a real devnet	Post Run cachix/cachix-action@v17	2026-09-12T10:34:35.1068820Z [2026-09-12 10:25:17][Info] Skipping /nix/store/nzg6zqsijbv7yc95wlfcdswx6bg69srq-gmp-with-cxx-6.3.0
Generic, canonical-identity and serialization rows on a real devnet	Post Run cachix/cachix-action@v17	2026-09-12T10:34:35.1070351Z [2026-09-12 10:25:17][Info] Skipping /nix/store/nfwlyasnxxdbnpiziw2nixwkz9b5f7g3-publicsuffix-list-0-unstable-2025-03-12
Generic, canonical-identity and serialization rows on a real devnet	Post Run cachix/cachix-action@v17	2026-09-12T10:34:35.1071852Z [2026-09-12 10:25:17][Info] Skipping /nix/store/mzvz45f54a0r0zjjygvlzn6pidfkkwj3-audit-4.0.3-lib
Generic, canonical-identity and serialization rows on a real devnet	Post Run cachix/cachix-action@v17	2026-09-12T10:34:35.1073115Z [2026-09-12 10:25:17][Info] Skipping /nix/store/mfw8qy1rr6dzny7jd60r7vr4af7ag9sn-zlib-1.3.2-static
Generic, canonical-identity and serialization rows on a real devnet	Post Run cachix/cachix-action@v17	2026-09-12T10:34:35.1074350Z [2026-09-12 10:25:17][Info] Skipping /nix/store/md8kapandyhs7bbw5s782aanw38p2kax-gnupg-2.4.7
Generic, canonical-identity and serialization rows on a real devnet	Post Run cachix/cachix-action@v17	2026-09-12T10:34:35.1075549Z [2026-09-12 10:25:17][Info] Skipping /nix/store/m4yrdwg3zv50mw8hy2zni5dyy7ljlg7j-nettle-3.10.1
Generic, canonical-identity and serialization rows on a real devnet	Post Run cachix/cachix-action@v17	2026-09-12T10:34:35.1076785Z [2026-09-12 10:25:17][Info] Skipping /nix/store/m4w8d2h3v76anng7s9cv9c1iq9w6y2jj-cryptsetup-2.7.5
Generic, canonical-identity and serialization rows on a real devnet	Post Run cachix/cachix-action@v17	2026-09-12T10:34:35.1078132Z [2026-09-12 10:25:17][Info] Skipping /nix/store/lzj49jmi93jyyhwxq8l7v2iyrcl48sa6-bzip2-1.0.8-dev
Generic, canonical-identity and serialization rows on a real devnet	Post Run cachix/cachix-action@v17	2026-09-12T10:34:35.1079360Z [2026-09-12 10:25:17][Info] Skipping /nix/store/l9xn7mbn0wh0z7swfcfj1n56byvcrisw-zstd-1.5.7-bin
Generic, canonical-identity and serialization rows on a real devnet	Post Run cachix/cachix-action@v17	2026-09-12T10:34:35.1080635Z [2026-09-12 10:25:17][Info] Skipping /nix/store/kxhsmlrscry4pvbpwkbbbxsksmzg0gp0-gmp-with-cxx-6.3.0
Generic, canonical-identity and serialization rows on a real devnet	Post Run cachix/cachix-action@v17	2026-09-12T10:34:35.1082040Z [2026-09-12 10:25:17][Info] Skipping /nix/store/jws80m7djgv03chq0ylw7vmv3vqsbvgg-util-linux-minimal-2.41-swap
Generic, canonical-identity and serialization rows on a real devnet	Post Run cachix/cachix-action@v17	2026-09-12T10:34:35.1083396Z [2026-09-12 10:25:17][Info] Skipping /nix/store/jms7zxzm7w1whczwny5m3gkgdjghmi2r-glibc-2.42-51
Generic, canonical-identity and serialization rows on a real devnet	Post Run cachix/cachix-action@v17	2026-09-12T10:34:35.1084680Z [2026-09-12 10:25:17][Info] Skipping /nix/store/j2v7jjnczkj7ra7jsgq6kv3242a1l52x-getent-glibc-2.40-66
Generic, canonical-identity and serialization rows on a real devnet	Post Run cachix/cachix-action@v17	2026-09-12T10:34:35.1085913Z [2026-09-12 10:25:17][Info] Skipping /nix/store/imsla3023w5jm4265aqmmx3wws3lq5hw-blst-0.3.14
Generic, canonical-identity and serialization rows on a real devnet	Post Run cachix/cachix-action@v17	2026-09-12T10:34:35.1087078Z [2026-09-12 10:25:17][Info] Skipping /nix/store/if9z6wmzmb07j63c02mvfkhn1mw1w5p4-systemd-257.5
Generic, canonical-identity and serialization rows on a real devnet	Post Run cachix/cachix-action@v17	2026-09-12T10:34:35.1088400Z [2026-09-12 10:25:17][Info] Skipping /nix/store/if83fp73ln7ksdnp1wkywvyv53b6fw3f-glibc-2.40-66-getent
Generic, canonical-identity and serialization rows on a real devnet	Post Run cachix/cachix-action@v17	2026-09-12T10:34:35.1089876Z [2026-09-12 10:25:17][Info] Skipping /nix/store/hk6rqnlvnj112xd8l7dqhz1nf9y70czy-cardano-node-exe-cardano-node-10.7.0
Generic, canonical-identity and serialization rows on a real devnet	Post Run cachix/cachix-action@v17	2026-09-12T10:34:35.1091532Z [2026-09-12 10:25:17][Info] Skipping /nix/store/hgqx4jwva7gckhfi694461vnhfqkp3k6-conformance-exe-conformance-0.1.0.0
Generic, canonical-identity and serialization rows on a real devnet	Post Run cachix/cachix-action@v17	2026-09-12T10:34:35.1092978Z [2026-09-12 10:25:17][Info] Skipping /nix/store/hbnbbbx1n96v1waiiaid9fmg4li4i1kp-gcc-15.2.0-libgcc
Generic, canonical-identity and serialization rows on a real devnet	Post Run cachix/cachix-action@v17	2026-09-12T10:34:35.1094447Z [2026-09-12 10:25:17][Info] Skipping /nix/store/h937fd042zvwinih7yyznp41x7al8avg-conformance-src
Generic, canonical-identity and serialization rows on a real devnet	Post Run cachix/cachix-action@v17	2026-09-12T10:34:35.1096054Z [2026-09-12 10:25:17][Info] Skipping /nix/store/h7yks2w8y1sxrv35v1m67wbdwqzfi3an-ekg-wai-lib-ekg-wai-0.1.2.0-data
Generic, canonical-identity and serialization rows on a real devnet	Post Run cachix/cachix-action@v17	2026-09-12T10:34:35.1097406Z [2026-09-12 10:25:17][Info] Skipping /nix/store/h6hdbgkfh59np7bi7h8qa76pq27ixz8r-gnugrep-3.12
Generic, canonical-identity and serialization rows on a real devnet	Post Run cachix/cachix-action@v17	2026-09-12T10:34:35.1098682Z [2026-09-12 10:25:17][Info] Skipping /nix/store/gqmr3gixlddz3667ba1iyqck3c0dkpvd-gnugrep-3.11
Generic, canonical-identity and serialization rows on a real devnet	Post Run cachix/cachix-action@v17	2026-09-12T10:34:35.1100145Z [2026-09-12 10:25:17][Info] Skipping /nix/store/ggj1ncvzrz7jaas7hzl326a36zf4qlhc-conformance-exe-conformance-0.1.0.0-data
Generic, canonical-identity and serialization rows on a real devnet	Post Run cachix/cachix-action@v17	2026-09-12T10:34:35.1101605Z [2026-09-12 10:25:17][Info] Skipping /nix/store/gc52c68s6cfcrav5pypmrf3sq5k554ih-zlib-1.3.2-dev
Generic, canonical-identity and serialization rows on a real devnet	Post Run cachix/cachix-action@v17	2026-09-12T10:34:35.1102865Z [2026-09-12 10:25:17][Info] Skipping /nix/store/g91dviqva4rkkw8lw30zy3gj14c1p23s-libarchive-3.7.8-lib
Generic, canonical-identity and serialization rows on a real devnet	Post Run cachix/cachix-action@v17	2026-09-12T10:34:35.1104131Z [2026-09-12 10:25:17][Info] Skipping /nix/store/fm2ky0fkkkici6zpf2s41c1lvkcpfbm5-db-4.8.30
Generic, canonical-identity and serialization rows on a real devnet	Post Run cachix/cachix-action@v17	2026-09-12T10:34:35.1105307Z [2026-09-12 10:25:17][Info] Skipping /nix/store/f7y5q4jwja2z3i5zlylgbv5av6839a54-libnftnl-1.2.9
Generic, canonical-identity and serialization rows on a real devnet	Post Run cachix/cachix-action@v17	2026-09-12T10:34:35.1106525Z [2026-09-12 10:25:17][Info] Skipping /nix/store/dfznrcrr2raj9x4bdysvs896jfnx84ih-libcbor-0.12.0
Generic, canonical-identity and serialization rows on a real devnet	Post Run cachix/cachix-action@v17	2026-09-12T10:34:35.1107697Z [2026-09-12 10:25:17][Info] Skipping /nix/store/d8vq999dg607ha6718fimpakacfax0gd-zstd-1.5.7
Generic, canonical-identity and serialization rows on a real devnet	Post Run cachix/cachix-action@v17	2026-09-12T10:34:35.1108944Z [2026-09-12 10:25:17][Info] Skipping /nix/store/cly4pxh7avd579girjmpxmx8z6ad4dyp-elfutils-0.192
Generic, canonical-identity and serialization rows on a real devnet	Post Run cachix/cachix-action@v17	2026-09-12T10:34:35.1110118Z [2026-09-12 10:25:17][Info] Skipping /nix/store/ci5nyvrii461hnaw267c1zvna0sjfxif-npth-1.8
Generic, canonical-identity and serialization rows on a real devnet	Post Run cachix/cachix-action@v17	2026-09-12T10:34:35.1111285Z [2026-09-12 10:25:17][Info] Skipping /nix/store/cgmqhcm3fdf312rrfflrrp4j3ffjkg49-secp256k1-0.3.2
Generic, canonical-identity and serialization rows on a real devnet	Post Run cachix/cachix-action@v17	2026-09-12T10:34:35.1112486Z [2026-09-12 10:25:17][Info] Skipping /nix/store/cg9s562sa33k78m63njfn1rw47dp9z0i-glibc-2.40-66
Generic, canonical-identity and serialization rows on a real devnet	Post Run cachix/cachix-action@v17	2026-09-12T10:34:35.1113630Z [2026-09-12 10:25:17][Info] Skipping /nix/store/c35qp0iabz0x3sn7n6frcl8gzy61n1jb-lz4-1.10.0
Generic, canonical-identity and serialization rows on a real devnet	Post Run cachix/cachix-action@v17	2026-09-12T10:34:35.1114818Z [2026-09-12 10:25:17][Info] Skipping /nix/store/by6npbc13ly5a1zgsqghv7wv5bklyiny-bzip2-1.0.8-bin
Generic, canonical-identity and serialization rows on a real devnet	Post Run cachix/cachix-action@v17	2026-09-12T10:34:35.1116045Z [2026-09-12 10:25:17][Info] Skipping /nix/store/bxs5j3zhh35nwhyhwc3db724c7nzfl36-libpsl-0.21.5
Generic, canonical-identity and serialization rows on a real devnet	Post Run cachix/cachix-action@v17	2026-09-12T10:34:35.1117337Z [2026-09-12 10:25:17][Info] Skipping /nix/store/bmmmy3sz3fmlxx64rlw1apm7ffywpyap-libpwquality-1.4.5-lib
Generic, canonical-identity and serialization rows on a real devnet	Post Run cachix/cachix-action@v17	2026-09-12T10:34:35.1118703Z [2026-09-12 10:25:17][Info] Skipping /nix/store/bmjb20jhxkq881f43pd264240sp677an-krb5-1.21.3-lib
Generic, canonical-identity and serialization rows on a real devnet	Post Run cachix/cachix-action@v17	2026-09-12T10:34:35.1119907Z [2026-09-12 10:25:17][Info] Skipping /nix/store/bmckdjhp1cn78n4md1m55zglpqxwijj3-libtpms-0.10.0
Generic, canonical-identity and serialization rows on a real devnet	Post Run cachix/cachix-action@v17	2026-09-12T10:34:35.1121121Z [2026-09-12 10:25:17][Info] Skipping /nix/store/bh1hxs692a2fv806wkiprig10j5znd7c-libcap-2.75-lib
Generic, canonical-identity and serialization rows on a real devnet	Post Run cachix/cachix-action@v17	2026-09-12T10:34:35.1122317Z [2026-09-12 10:25:17][Info] Skipping /nix/store/axb7chdpqwqzf2pr9lkfdd8qccc4v7g3-lmdb-0.9.33
Generic, canonical-identity and serialization rows on a real devnet	Post Run cachix/cachix-action@v17	2026-09-12T10:34:35.1123662Z [2026-09-12 10:25:17][Info] Skipping /nix/store/agpxymqp96k4bksyz3bbzr5y8jgykf4p-util-linux-minimal-2.41-mount
Generic, canonical-identity and serialization rows on a real devnet	Post Run cachix/cachix-action@v17	2026-09-12T10:34:35.1124996Z [2026-09-12 10:25:17][Info] Skipping /nix/store/afhkqb5a94zlwjxigsnwsfwkf38h21dk-gzip-1.14
Generic, canonical-identity and serialization rows on a real devnet	Post Run cachix/cachix-action@v17	2026-09-12T10:34:35.1126188Z [2026-09-12 10:25:17][Info] Skipping /nix/store/ac2haqynxj9zpisq3lakxg5qybna08a5-rocksdb-10.10.1
Generic, canonical-identity and serialization rows on a real devnet	Post Run cachix/cachix-action@v17	2026-09-12T10:34:35.1127405Z [2026-09-12 10:25:17][Info] Skipping /nix/store/ab3753m6i7isgvzphlar0a8xb84gl96i-gcc-15.2.0-lib
Generic, canonical-identity and serialization rows on a real devnet	Post Run cachix/cachix-action@v17	2026-09-12T10:34:35.1128652Z [2026-09-12 10:25:17][Info] Skipping /nix/store/a9c6rz5183psp30q1nhkakis6ab4km4b-pcre2-10.44
Generic, canonical-identity and serialization rows on a real devnet	Post Run cachix/cachix-action@v17	2026-09-12T10:34:35.1129833Z [2026-09-12 10:25:17][Info] Skipping /nix/store/a885zzx9s5y8dxbfvahwdcwcx6pdzm9q-tpm2-tss-4.1.3
Generic, canonical-identity and serialization rows on a real devnet	Post Run cachix/cachix-action@v17	2026-09-12T10:34:35.1131109Z [2026-09-12 10:25:17][Info] Skipping /nix/store/a7zbljj0cwkbfzn22v6s2cbh39dj9hip-libseccomp-2.6.0-lib
Generic, canonical-identity and serialization rows on a real devnet	Post Run cachix/cachix-action@v17	2026-09-12T10:34:35.1132386Z [2026-09-12 10:25:17][Info] Skipping /nix/store/a7h3ly9qzh8wk1vsycpdk69xp82dl5ry-cracklib-2.10.0
Generic, canonical-identity and serialization rows on a real devnet	Post Run cachix/cachix-action@v17	2026-09-12T10:34:35.1133633Z [2026-09-12 10:25:17][Info] Skipping /nix/store/9z7wv6k9i38k83xpbgqcapaxhdkbaqhz-libgpg-error-1.51
Generic, canonical-identity and serialization rows on a real devnet	Post Run cachix/cachix-action@v17	2026-09-12T10:34:35.1134829Z [2026-09-12 10:25:17][Info] Skipping /nix/store/9r81a64smasyz3j7x3ah684hyzivmplx-kbd-2.7.1
Generic, canonical-identity and serialization rows on a real devnet	Post Run cachix/cachix-action@v17	2026-09-12T10:34:35.1136413Z [2026-09-12 10:25:17][Info] Skipping /nix/store/9q9777l352qfg127kwbfilali7mcynr1-gmp-with-cxx-6.3.0
Generic, canonical-identity and serialization rows on a real devnet	Post Run cachix/cachix-action@v17	2026-09-12T10:34:35.1137636Z [2026-09-12 10:25:17][Info] Skipping /nix/store/9m6a4iv2nh6v4aga830r499s4arknsfb-p11-kit-0.25.5
Generic, canonical-identity and serialization rows on a real devnet	Post Run cachix/cachix-action@v17	2026-09-12T10:34:35.1138888Z [2026-09-12 10:25:17][Info] Skipping /nix/store/9i4rvkgjgp6jjzhlp41g9320h85a1nys-snappy-1.2.1
Generic, canonical-identity and serialization rows on a real devnet	Post Run cachix/cachix-action@v17	2026-09-12T10:34:35.1140056Z [2026-09-12 10:25:17][Info] Skipping /nix/store/9hbdbr5hikxjb16ir40w2v24gbivv22x-libmnl-1.0.5
Generic, canonical-identity and serialization rows on a real devnet	Post Run cachix/cachix-action@v17	2026-09-12T10:34:35.1141291Z [2026-09-12 10:25:17][Info] Skipping /nix/store/9b02zmm47aq17r9j9x8wcn92p70rdm25-libsodium-vrf-1.0.18
Generic, canonical-identity and serialization rows on a real devnet	Post Run cachix/cachix-action@v17	2026-09-12T10:34:35.1142518Z [2026-09-12 10:25:17][Info] Skipping /nix/store/98zamhd8d0jq3skqwz28dlgph94mrqir-xz-5.8.1-bin
Generic, canonical-identity and serialization rows on a real devnet	Post Run cachix/cachix-action@v17	2026-09-12T10:34:35.1143708Z [2026-09-12 10:25:17][Info] Skipping /nix/store/971mpk4nqhqcxggx0yi60w9y1ya570bj-readline-8.2p13
Generic, canonical-identity and serialization rows on a real devnet	Post Run cachix/cachix-action@v17	2026-09-12T10:34:35.1144905Z [2026-09-12 10:25:17][Info] Skipping /nix/store/9642gi5dl4w9nkhab0l6xry685cg403c-libssh2-1.11.1
Generic, canonical-identity and serialization rows on a real devnet	Post Run cachix/cachix-action@v17	2026-09-12T10:34:35.1146090Z [2026-09-12 10:25:17][Info] Skipping /nix/store/90c412b9wqhfny300rg5s2gpsbrqb31q-libffi-3.4.8
Generic, canonical-identity and serialization rows on a real devnet	Post Run cachix/cachix-action@v17	2026-09-12T10:34:35.1147256Z [2026-09-12 10:25:17][Info] Skipping /nix/store/8zgy79sw0zjwfcfp78p883hkkdw0pdzs-libffi-3.5.2
Generic, canonical-identity and serialization rows on a real devnet	Post Run cachix/cachix-action@v17	2026-09-12T10:34:35.1148586Z [2026-09-12 10:25:17][Info] Skipping /nix/store/8y5hcryppj548yfx6akiw93qrw8zv6js-unbound-1.23.0-lib
Generic, canonical-identity and serialization rows on a real devnet	Post Run cachix/cachix-action@v17	2026-09-12T10:34:35.1149806Z [2026-09-12 10:25:17][Info] Skipping /nix/store/8xy63p7i1jgdpb0y92a4s39nsq0bbnw8-snappy-1.2.2
Generic, canonical-identity and serialization rows on a real devnet	Post Run cachix/cachix-action@v17	2026-09-12T10:34:35.1150958Z [2026-09-12 10:25:17][Info] Skipping /nix/store/8syylmkvnn7lg2nar9fddpp5izb4gh56-attr-2.5.2
Generic, canonical-identity and serialization rows on a real devnet	Post Run cachix/cachix-action@v17	2026-09-12T10:34:35.1152130Z [2026-09-12 10:25:17][Info] Skipping /nix/store/8pviily4fgsl02ijm65binz236717wfs-openssl-3.4.1
Generic, canonical-identity and serialization rows on a real devnet	Post Run cachix/cachix-action@v17	2026-09-12T10:34:35.1153332Z [2026-09-12 10:25:17][Info] Skipping /nix/store/8cc8cdqa54bahfi5n5glkm8d252zkkjn-zstd-1.5.7-bin
Generic, canonical-identity and serialization rows on a real devnet	Post Run cachix/cachix-action@v17	2026-09-12T10:34:35.1154516Z [2026-09-12 10:25:17][Info] Skipping /nix/store/89bxhx3rhk6r4d5fvwaysrykpmvmgcnm-kmod-31-lib
Generic, canonical-identity and serialization rows on a real devnet	Post Run cachix/cachix-action@v17	2026-09-12T10:34:35.1155696Z [2026-09-12 10:25:17][Info] Skipping /nix/store/87fck6hm17chxjq7badb11mq036zbyv9-coreutils-9.7
Generic, canonical-identity and serialization rows on a real devnet	Post Run cachix/cachix-action@v17	2026-09-12T10:34:35.1156879Z [2026-09-12 10:25:17][Info] Skipping /nix/store/82n465240j5a8ap7c60gqy3a6kwqv1rs-numactl-2.0.18
Generic, canonical-identity and serialization rows on a real devnet	Post Run cachix/cachix-action@v17	2026-09-12T10:34:35.1158121Z [2026-09-12 10:25:17][Info] Skipping /nix/store/7y50v718cz8kcq13n15w1zav3nf1ch1j-lz4-1.10.0-dev
Generic, canonical-identity and serialization rows on a real devnet	Post Run cachix/cachix-action@v17	2026-09-12T10:34:35.1159290Z [2026-09-12 10:25:17][Info] Skipping /nix/store/7f3nwfvk0f32663rz1xn38cbsl66idx2-libbpf-1.5.0
Generic, canonical-identity and serialization rows on a real devnet	Post Run cachix/cachix-action@v17	2026-09-12T10:34:35.1160183Z [2026-09-12 10:25:17][Info] Skipping /nix/store/7c0v0kbrrdc2cqgisi78jdqxn73n3401-gcc-14.2.1.20250322-lib
Generic, canonical-identity and serialization rows on a real devnet	Post Run cachix/cachix-action@v17	2026-09-12T10:34:35.1160922Z [2026-09-12 10:25:17][Info] Skipping /nix/store/7a8gf62bfl22k4gy2cd300h7cvqmn9yl-brotli-1.1.0-lib
Generic, canonical-identity and serialization rows on a real devnet	Post Run cachix/cachix-action@v17	2026-09-12T10:34:35.1161722Z [2026-09-12 10:25:17][Info] Skipping /nix/store/6wrjb93m2arv7adx6k2x9nlb0y7rmgpi-libnetfilter_conntrack-1.1.0
Generic, canonical-identity and serialization rows on a real devnet	Post Run cachix/cachix-action@v17	2026-09-12T10:34:35.1162488Z [2026-09-12 10:25:17][Info] Skipping /nix/store/6nkqdqzpa75514lhglgnjs5k4dklw4sb-libidn2-2.3.8
Generic, canonical-identity and serialization rows on a real devnet	Post Run cachix/cachix-action@v17	2026-09-12T10:34:35.1163243Z [2026-09-12 10:25:17][Info] Skipping /nix/store/6hqzbvz50bm87hcj4qfn51gh7arxj8a6-gcc-14.2.1.20250322-libgcc
Generic, canonical-identity and serialization rows on a real devnet	Post Run cachix/cachix-action@v17	2026-09-12T10:34:35.1163985Z [2026-09-12 10:25:17][Info] Skipping /nix/store/6fmfvkxjq2q8hzvhmi5717i0zmwjkrpw-liburing-2.9
Generic, canonical-identity and serialization rows on a real devnet	Post Run cachix/cachix-action@v17	2026-09-12T10:34:35.1164661Z [2026-09-12 10:25:17][Info] Skipping /nix/store/677sx4qrmnmgk83ynn0sw8hqgh439g6b-json-c-0.18
Generic, canonical-identity and serialization rows on a real devnet	Post Run cachix/cachix-action@v17	2026-09-12T10:34:35.1165420Z [2026-09-12 10:25:17][Info] Skipping /nix/store/675r4l9rpmaxdanw0i48z4n7gzchngv7-util-linux-minimal-2.41-login
Generic, canonical-identity and serialization rows on a real devnet	Post Run cachix/cachix-action@v17	2026-09-12T10:34:35.1166185Z [2026-09-12 10:25:17][Info] Skipping /nix/store/635dz3p1afjwym9snp2r9hm0vaznwngy-libnl-3.11.0
Generic, canonical-identity and serialization rows on a real devnet	Post Run cachix/cachix-action@v17	2026-09-12T10:34:35.1166868Z [2026-09-12 10:25:17][Info] Skipping /nix/store/5f0bv68v1sjrp4pnr8c6p7k04271659w-libfido2-1.15.0
Generic, canonical-identity and serialization rows on a real devnet	Post Run cachix/cachix-action@v17	2026-09-12T10:34:35.1167550Z [2026-09-12 10:25:17][Info] Skipping /nix/store/55q6r1kq38lxfi3l7k313ba01npcsinb-lz4-1.10.0-lib
Generic, canonical-identity and serialization rows on a real devnet	Post Run cachix/cachix-action@v17	2026-09-12T10:34:35.1168300Z [2026-09-12 10:25:17][Info] Skipping /nix/store/51sr6m5fb8fff9vydnz7gkqyl5sjpixl-lz4-1.10.0-lib
Generic, canonical-identity and serialization rows on a real devnet	Post Run cachix/cachix-action@v17	2026-09-12T10:34:35.1169140Z [2026-09-12 10:25:17][Info] Skipping /nix/store/4v64wga9rk0c919ip673j36g6ikx26ha-keyutils-1.6.3-lib
Generic, canonical-identity and serialization rows on a real devnet	Post Run cachix/cachix-action@v17	2026-09-12T10:34:35.1169984Z [2026-09-12 10:25:17][Info] Skipping /nix/store/4f7ssdb8qgaajl4pr1s1p77r51qsrb8y-kexec-tools-2.0.29
Generic, canonical-identity and serialization rows on a real devnet	Post Run cachix/cachix-action@v17	2026-09-12T10:34:35.1170673Z [2026-09-12 10:25:17][Info] Skipping /nix/store/3mi59bgj22xx29dyss7jhmx3sgznd85m-acl-2.3.2
Generic, canonical-identity and serialization rows on a real devnet	Post Run cachix/cachix-action@v17	2026-09-12T10:34:35.1171349Z [2026-09-12 10:25:17][Info] Skipping /nix/store/2pvhq9kgqh5669qj6805vpasngivad8h-lvm2-2.03.31-lib
Generic, canonical-identity and serialization rows on a real devnet	Post Run cachix/cachix-action@v17	2026-09-12T10:34:35.1172033Z [2026-09-12 10:25:17][Info] Skipping /nix/store/2kdz3m7ic8w226pcvkz1dlg169v91p6a-zlib-1.3.2
Generic, canonical-identity and serialization rows on a real devnet	Post Run cachix/cachix-action@v17	2026-09-12T10:34:35.1172687Z [2026-09-12 10:25:17][Info] Skipping /nix/store/29mmnqpc1p3iv8wj0lpvicajy3jsbx87-zstd-1.5.7
Generic, canonical-identity and serialization rows on a real devnet	Post Run cachix/cachix-action@v17	2026-09-12T10:34:35.1173378Z [2026-09-12 10:25:17][Info] Skipping /nix/store/1rlljm73ch98b2q9qqk8g0vhv2n9mya8-libapparmor-4.1.0
Generic, canonical-identity and serialization rows on a real devnet	Post Run cachix/cachix-action@v17	2026-09-12T10:34:35.1174090Z [2026-09-12 10:25:17][Info] Skipping /nix/store/1r4qwdkxwc1r3n0bij0sq9q4nvfraw6i-libpcap-1.10.5
Generic, canonical-identity and serialization rows on a real devnet	Post Run cachix/cachix-action@v17	2026-09-12T10:34:35.1174849Z [2026-09-12 10:25:17][Info] Skipping /nix/store/1q9lw4r2mbap8rsr8cja46nap6wvrw2p-bash-interactive-5.2p37
Generic, canonical-identity and serialization rows on a real devnet	Post Run cachix/cachix-action@v17	2026-09-12T10:34:35.1175604Z [2026-09-12 10:25:17][Info] Skipping /nix/store/1l2x502h3j9bkp2ln3axm9qp70ibg7a1-qrencode-4.1.1
Generic, canonical-identity and serialization rows on a real devnet	Post Run cachix/cachix-action@v17	2026-09-12T10:34:35.1176283Z [2026-09-12 10:25:17][Info] Skipping /nix/store/1ga782ml07vy0h503ac4cin0h8d7q6yh-libidn2-2.3.8
Generic, canonical-identity and serialization rows on a real devnet	Post Run cachix/cachix-action@v17	2026-09-12T10:34:35.1177002Z [2026-09-12 10:25:17][Info] Skipping /nix/store/1dxfw2zshri809ddyfqllvff3cfj96ma-libmicrohttpd-1.0.1
Generic, canonical-identity and serialization rows on a real devnet	Post Run cachix/cachix-action@v17	2026-09-12T10:34:35.1177770Z [2026-09-12 10:25:17][Info] Skipping /nix/store/1dnjshikhmski616kz21d7q6s16ibdhp-libsodium-vrf-1.0.18
Generic, canonical-identity and serialization rows on a real devnet	Post Run cachix/cachix-action@v17	2026-09-12T10:34:35.1178559Z [2026-09-12 10:25:17][Info] Skipping /nix/store/1abbyfv3bpxalfjfgpmwg8jcy931bf76-bzip2-1.0.8-bin
Generic, canonical-identity and serialization rows on a real devnet	Post Run cachix/cachix-action@v17	2026-09-12T10:34:35.1179299Z [2026-09-12 10:25:17][Info] Skipping /nix/store/0dqmgjr0jsc2s75sbgdvkk7d08zx5g61-libgcrypt-1.10.3-lib
Generic, canonical-identity and serialization rows on a real devnet	Post Run cachix/cachix-action@v17	2026-09-12T10:34:35.1180028Z [2026-09-12 10:25:17][Info] Skipping /nix/store/00p2pzg3i0bdlg9iab09jyr46lnvpi6n-numactl-2.0.18
Generic, canonical-identity and serialization rows on a real devnet	Post Run cachix/cachix-action@v17	2026-09-12T10:34:35.1180709Z [2026-09-12 10:25:17][Info] Pushing /nix/store/jwzjks4dxl8b146zx38bssgcrb7d0mn2-conformance
Generic, canonical-identity and serialization rows on a real devnet	Post Run cachix/cachix-action@v17	2026-09-12T10:34:35.1181364Z [2026-09-12 10:25:18][Info] Pushed /nix/store/jwzjks4dxl8b146zx38bssgcrb7d0mn2-conformance
Generic, canonical-identity and serialization rows on a real devnet	Post Run cachix/cachix-action@v17	2026-09-12T10:34:35.1181989Z [2026-09-12 10:25:18][Info] Push job bea59552-afc7-4e3c-bb6b-a80b0c82c3c8 finished in 0s
Generic, canonical-identity and serialization rows on a real devnet	Post Run cachix/cachix-action@v17	2026-09-12T10:34:35.6016150Z [command]/nix/store/8c85nnzmy656jara9bdqgblwb8k02fjw-cachix-1.10.1-bin/bin/cachix daemon stop --socket /srv/ci-work/runner-2/work/_temp/cachixnSCqjt/daemon.sock
Generic, canonical-identity and serialization rows on a real devnet	Post Run cachix/cachix-action@v17	2026-09-12T10:34:35.6407461Z [2026-09-12 10:34:35][Info] Shutting down daemon...
Generic, canonical-identity and serialization rows on a real devnet	Post Run cachix/cachix-action@v17	2026-09-12T10:34:35.6498895Z [2026-09-12 10:34:35][Info] Daemon shut down. Exiting.
Generic, canonical-identity and serialization rows on a real devnet	Post Run cachix/cachix-action@v17	2026-09-12T10:34:36.6613557Z ##[endgroup]
Generic, canonical-identity and serialization rows on a real devnet	Post Run actions/checkout@v6	﻿2026-09-12T10:34:36.6948375Z Post job cleanup.
Generic, canonical-identity and serialization rows on a real devnet	Post Run actions/checkout@v6	2026-09-12T10:34:36.7984586Z [command]/nix/store/ipwndaag56mm8g8gn8j98z0jvn8x4mk1-git-2.52.0/bin/git version
Generic, canonical-identity and serialization rows on a real devnet	Post Run actions/checkout@v6	2026-09-12T10:34:36.8048279Z git version 2.52.0
Generic, canonical-identity and serialization rows on a real devnet	Post Run actions/checkout@v6	2026-09-12T10:34:36.8093719Z Temporarily overriding HOME='/srv/ci-work/runner-2/work/_temp/37c87e86-64dc-4553-9ec5-48133e535536' before making global git config changes
Generic, canonical-identity and serialization rows on a real devnet	Post Run actions/checkout@v6	2026-09-12T10:34:36.8094816Z Adding repository directory to the temporary git global config as a safe directory
Generic, canonical-identity and serialization rows on a real devnet	Post Run actions/checkout@v6	2026-09-12T10:34:36.8099507Z [command]/nix/store/ipwndaag56mm8g8gn8j98z0jvn8x4mk1-git-2.52.0/bin/git config --global --add safe.directory /srv/ci-work/runner-2/work/singular/singular
Generic, canonical-identity and serialization rows on a real devnet	Post Run actions/checkout@v6	2026-09-12T10:34:36.8144073Z Removing SSH command configuration
Generic, canonical-identity and serialization rows on a real devnet	Post Run actions/checkout@v6	2026-09-12T10:34:36.8151075Z [command]/nix/store/ipwndaag56mm8g8gn8j98z0jvn8x4mk1-git-2.52.0/bin/git config --local --name-only --get-regexp core\.sshCommand
Generic, canonical-identity and serialization rows on a real devnet	Post Run actions/checkout@v6	2026-09-12T10:34:36.8209804Z [command]/nix/store/ipwndaag56mm8g8gn8j98z0jvn8x4mk1-git-2.52.0/bin/git submodule foreach --recursive sh -c "git config --local --name-only --get-regexp 'core\.sshCommand' && git config --local --unset-all 'core.sshCommand' || :"
Generic, canonical-identity and serialization rows on a real devnet	Post Run actions/checkout@v6	2026-09-12T10:34:36.8708413Z Removing HTTP extra header
Generic, canonical-identity and serialization rows on a real devnet	Post Run actions/checkout@v6	2026-09-12T10:34:36.8713552Z [command]/nix/store/ipwndaag56mm8g8gn8j98z0jvn8x4mk1-git-2.52.0/bin/git config --local --name-only --get-regexp http\.https\:\/\/github\.com\/\.extraheader
Generic, canonical-identity and serialization rows on a real devnet	Post Run actions/checkout@v6	2026-09-12T10:34:36.8780238Z [command]/nix/store/ipwndaag56mm8g8gn8j98z0jvn8x4mk1-git-2.52.0/bin/git submodule foreach --recursive sh -c "git config --local --name-only --get-regexp 'http\.https\:\/\/github\.com\/\.extraheader' && git config --local --unset-all 'http.https://github.com/.extraheader' || :"
Generic, canonical-identity and serialization rows on a real devnet	Post Run actions/checkout@v6	2026-09-12T10:34:36.9286004Z Removing includeIf entries pointing to credentials config files
Generic, canonical-identity and serialization rows on a real devnet	Post Run actions/checkout@v6	2026-09-12T10:34:36.9292773Z [command]/nix/store/ipwndaag56mm8g8gn8j98z0jvn8x4mk1-git-2.52.0/bin/git config --local --name-only --get-regexp ^includeIf\.gitdir:
Generic, canonical-identity and serialization rows on a real devnet	Post Run actions/checkout@v6	2026-09-12T10:34:36.9348826Z includeif.gitdir:/srv/ci-work/runner-2/work/singular/singular/.git.path
Generic, canonical-identity and serialization rows on a real devnet	Post Run actions/checkout@v6	2026-09-12T10:34:36.9349973Z includeif.gitdir:/srv/ci-work/runner-2/work/singular/singular/.git/worktrees/*.path
Generic, canonical-identity and serialization rows on a real devnet	Post Run actions/checkout@v6	2026-09-12T10:34:36.9350892Z includeif.gitdir:/github/workspace/.git.path
Generic, canonical-identity and serialization rows on a real devnet	Post Run actions/checkout@v6	2026-09-12T10:34:36.9351617Z includeif.gitdir:/github/workspace/.git/worktrees/*.path
Generic, canonical-identity and serialization rows on a real devnet	Post Run actions/checkout@v6	2026-09-12T10:34:36.9360152Z [command]/nix/store/ipwndaag56mm8g8gn8j98z0jvn8x4mk1-git-2.52.0/bin/git config --local --get-all includeif.gitdir:/srv/ci-work/runner-2/work/singular/singular/.git.path
Generic, canonical-identity and serialization rows on a real devnet	Post Run actions/checkout@v6	2026-09-12T10:34:36.9404086Z /srv/ci-work/runner-2/work/_temp/git-credentials-c658a7cf-b6dc-4315-ae1a-48892d034882.config
Generic, canonical-identity and serialization rows on a real devnet	Post Run actions/checkout@v6	2026-09-12T10:34:36.9418901Z [command]/nix/store/ipwndaag56mm8g8gn8j98z0jvn8x4mk1-git-2.52.0/bin/git config --local --unset includeif.gitdir:/srv/ci-work/runner-2/work/singular/singular/.git.path /srv/ci-work/runner-2/work/_temp/git-credentials-c658a7cf-b6dc-4315-ae1a-48892d034882.config
Generic, canonical-identity and serialization rows on a real devnet	Post Run actions/checkout@v6	2026-09-12T10:34:36.9488017Z [command]/nix/store/ipwndaag56mm8g8gn8j98z0jvn8x4mk1-git-2.52.0/bin/git config --local --get-all includeif.gitdir:/srv/ci-work/runner-2/work/singular/singular/.git/worktrees/*.path
Generic, canonical-identity and serialization rows on a real devnet	Post Run actions/checkout@v6	2026-09-12T10:34:36.9527455Z /srv/ci-work/runner-2/work/_temp/git-credentials-c658a7cf-b6dc-4315-ae1a-48892d034882.config
Generic, canonical-identity and serialization rows on a real devnet	Post Run actions/checkout@v6	2026-09-12T10:34:36.9537585Z [command]/nix/store/ipwndaag56mm8g8gn8j98z0jvn8x4mk1-git-2.52.0/bin/git config --local --unset includeif.gitdir:/srv/ci-work/runner-2/work/singular/singular/.git/worktrees/*.path /srv/ci-work/runner-2/work/_temp/git-credentials-c658a7cf-b6dc-4315-ae1a-48892d034882.config
Generic, canonical-identity and serialization rows on a real devnet	Post Run actions/checkout@v6	2026-09-12T10:34:36.9595563Z [command]/nix/store/ipwndaag56mm8g8gn8j98z0jvn8x4mk1-git-2.52.0/bin/git config --local --get-all includeif.gitdir:/github/workspace/.git.path
Generic, canonical-identity and serialization rows on a real devnet	Post Run actions/checkout@v6	2026-09-12T10:34:36.9629133Z /github/runner_temp/git-credentials-c658a7cf-b6dc-4315-ae1a-48892d034882.config
Generic, canonical-identity and serialization rows on a real devnet	Post Run actions/checkout@v6	2026-09-12T10:34:36.9641454Z [command]/nix/store/ipwndaag56mm8g8gn8j98z0jvn8x4mk1-git-2.52.0/bin/git config --local --unset includeif.gitdir:/github/workspace/.git.path /github/runner_temp/git-credentials-c658a7cf-b6dc-4315-ae1a-48892d034882.config
Generic, canonical-identity and serialization rows on a real devnet	Post Run actions/checkout@v6	2026-09-12T10:34:36.9705430Z [command]/nix/store/ipwndaag56mm8g8gn8j98z0jvn8x4mk1-git-2.52.0/bin/git config --local --get-all includeif.gitdir:/github/workspace/.git/worktrees/*.path
Generic, canonical-identity and serialization rows on a real devnet	Post Run actions/checkout@v6	2026-09-12T10:34:36.9744105Z /github/runner_temp/git-credentials-c658a7cf-b6dc-4315-ae1a-48892d034882.config
Generic, canonical-identity and serialization rows on a real devnet	Post Run actions/checkout@v6	2026-09-12T10:34:36.9753057Z [command]/nix/store/ipwndaag56mm8g8gn8j98z0jvn8x4mk1-git-2.52.0/bin/git config --local --unset includeif.gitdir:/github/workspace/.git/worktrees/*.path /github/runner_temp/git-credentials-c658a7cf-b6dc-4315-ae1a-48892d034882.config
Generic, canonical-identity and serialization rows on a real devnet	Post Run actions/checkout@v6	2026-09-12T10:34:36.9836962Z [command]/nix/store/ipwndaag56mm8g8gn8j98z0jvn8x4mk1-git-2.52.0/bin/git submodule foreach --recursive git config --local --show-origin --name-only --get-regexp remote.origin.url
Generic, canonical-identity and serialization rows on a real devnet	Post Run actions/checkout@v6	2026-09-12T10:34:37.0296436Z Removing credentials config '/srv/ci-work/runner-2/work/_temp/git-credentials-c658a7cf-b6dc-4315-ae1a-48892d034882.config'
Generic, canonical-identity and serialization rows on a real devnet	Complete job	﻿2026-09-12T10:34:37.0494967Z Cleaning up orphan processes
