Generic, canonical-identity and serialization rows on a real devnet	Set up job	﻿2026-09-12T10:02:38.3916030Z Current runner version: '2.336.0'
Generic, canonical-identity and serialization rows on a real devnet	Set up job	2026-09-12T10:02:38.3926297Z Runner name: 'epyc-7'
Generic, canonical-identity and serialization rows on a real devnet	Set up job	2026-09-12T10:02:38.3927350Z Runner group name: 'default'
Generic, canonical-identity and serialization rows on a real devnet	Set up job	2026-09-12T10:02:38.3928445Z Machine name: 'development-epyc'
Generic, canonical-identity and serialization rows on a real devnet	Set up job	2026-09-12T10:02:38.3930943Z ##[group]GITHUB_TOKEN Permissions
Generic, canonical-identity and serialization rows on a real devnet	Set up job	2026-09-12T10:02:38.3933552Z Contents: read
Generic, canonical-identity and serialization rows on a real devnet	Set up job	2026-09-12T10:02:38.3934133Z Metadata: read
Generic, canonical-identity and serialization rows on a real devnet	Set up job	2026-09-12T10:02:38.3934669Z ##[endgroup]
Generic, canonical-identity and serialization rows on a real devnet	Set up job	2026-09-12T10:02:38.3937268Z Secret source: Actions
Generic, canonical-identity and serialization rows on a real devnet	Set up job	2026-09-12T10:02:38.3938266Z Cache mode: write
Generic, canonical-identity and serialization rows on a real devnet	Set up job	2026-09-12T10:02:38.3939000Z Prepare workflow directory
Generic, canonical-identity and serialization rows on a real devnet	Set up job	2026-09-12T10:02:38.4680777Z Prepare all required actions
Generic, canonical-identity and serialization rows on a real devnet	Set up job	2026-09-12T10:02:38.4766600Z Getting action download info
Generic, canonical-identity and serialization rows on a real devnet	Set up job	2026-09-12T10:02:38.9198275Z Download action repository 'actions/checkout@v6' (SHA:d23441a48e516b6c34aea4fa41551a30e30af803)
Generic, canonical-identity and serialization rows on a real devnet	Set up job	2026-09-12T10:02:39.2426985Z Download action repository 'cachix/cachix-action@v17' (SHA:38b082610b782e7e93e209c35fd730d399dee866)
Generic, canonical-identity and serialization rows on a real devnet	Set up job	2026-09-12T10:02:39.6630008Z Complete job name: Generic, canonical-identity and serialization rows on a real devnet
Generic, canonical-identity and serialization rows on a real devnet	Isolate Nix cache	﻿2026-09-12T10:02:39.7490900Z ##[group]Run cache_dir="$RUNNER_TEMP/nix-cache-${GITHUB_RUN_ID}-${GITHUB_RUN_ATTEMPT}-conformance"
Generic, canonical-identity and serialization rows on a real devnet	Isolate Nix cache	2026-09-12T10:02:39.7492613Z [36;1mcache_dir="$RUNNER_TEMP/nix-cache-${GITHUB_RUN_ID}-${GITHUB_RUN_ATTEMPT}-conformance"[0m
Generic, canonical-identity and serialization rows on a real devnet	Isolate Nix cache	2026-09-12T10:02:39.7493737Z [36;1mmkdir -p "$cache_dir"[0m
Generic, canonical-identity and serialization rows on a real devnet	Isolate Nix cache	2026-09-12T10:02:39.7494574Z [36;1mprintf 'XDG_CACHE_HOME=%s\n' "$cache_dir" >> "$GITHUB_ENV"[0m
Generic, canonical-identity and serialization rows on a real devnet	Isolate Nix cache	2026-09-12T10:02:39.7502780Z shell: /nix/store/x12lw455sq6qy2wcya85d7rb88ybc3df-bash-interactive-5.3p9/bin/bash -e {0}
Generic, canonical-identity and serialization rows on a real devnet	Isolate Nix cache	2026-09-12T10:02:39.7504373Z ##[endgroup]
Generic, canonical-identity and serialization rows on a real devnet	Run actions/checkout@v6	﻿2026-09-12T10:02:39.8122726Z ##[group]Run actions/checkout@v6
Generic, canonical-identity and serialization rows on a real devnet	Run actions/checkout@v6	2026-09-12T10:02:39.8123751Z with:
Generic, canonical-identity and serialization rows on a real devnet	Run actions/checkout@v6	2026-09-12T10:02:39.8124541Z   ref: a85fea546985344633be46d3578237262ad7f08b
Generic, canonical-identity and serialization rows on a real devnet	Run actions/checkout@v6	2026-09-12T10:02:39.8125611Z   repository: lambdasistemi/singular
Generic, canonical-identity and serialization rows on a real devnet	Run actions/checkout@v6	2026-09-12T10:02:39.8132790Z   token: ***
Generic, canonical-identity and serialization rows on a real devnet	Run actions/checkout@v6	2026-09-12T10:02:39.8133605Z   ssh-strict: true
Generic, canonical-identity and serialization rows on a real devnet	Run actions/checkout@v6	2026-09-12T10:02:39.8134383Z   ssh-user: git
Generic, canonical-identity and serialization rows on a real devnet	Run actions/checkout@v6	2026-09-12T10:02:39.8135184Z   persist-credentials: true
Generic, canonical-identity and serialization rows on a real devnet	Run actions/checkout@v6	2026-09-12T10:02:39.8136133Z   clean: true
Generic, canonical-identity and serialization rows on a real devnet	Run actions/checkout@v6	2026-09-12T10:02:39.8136927Z   sparse-checkout-cone-mode: true
Generic, canonical-identity and serialization rows on a real devnet	Run actions/checkout@v6	2026-09-12T10:02:39.8138034Z   fetch-depth: 1
Generic, canonical-identity and serialization rows on a real devnet	Run actions/checkout@v6	2026-09-12T10:02:39.8138823Z   fetch-tags: false
Generic, canonical-identity and serialization rows on a real devnet	Run actions/checkout@v6	2026-09-12T10:02:39.8139613Z   show-progress: true
Generic, canonical-identity and serialization rows on a real devnet	Run actions/checkout@v6	2026-09-12T10:02:39.8140405Z   lfs: false
Generic, canonical-identity and serialization rows on a real devnet	Run actions/checkout@v6	2026-09-12T10:02:39.8141143Z   submodules: false
Generic, canonical-identity and serialization rows on a real devnet	Run actions/checkout@v6	2026-09-12T10:02:39.8141941Z   set-safe-directory: true
Generic, canonical-identity and serialization rows on a real devnet	Run actions/checkout@v6	2026-09-12T10:02:39.8142858Z   allow-unsafe-pr-checkout: false
Generic, canonical-identity and serialization rows on a real devnet	Run actions/checkout@v6	2026-09-12T10:02:39.8143768Z env:
Generic, canonical-identity and serialization rows on a real devnet	Run actions/checkout@v6	2026-09-12T10:02:39.8144907Z   XDG_CACHE_HOME: /srv/ci-work/runner-7/work/_temp/nix-cache-34687362374-1-conformance
Generic, canonical-identity and serialization rows on a real devnet	Run actions/checkout@v6	2026-09-12T10:02:39.8146027Z ##[endgroup]
Generic, canonical-identity and serialization rows on a real devnet	Run actions/checkout@v6	2026-09-12T10:02:39.9654858Z Syncing repository: lambdasistemi/singular
Generic, canonical-identity and serialization rows on a real devnet	Run actions/checkout@v6	2026-09-12T10:02:39.9657389Z ##[group]Getting Git version info
Generic, canonical-identity and serialization rows on a real devnet	Run actions/checkout@v6	2026-09-12T10:02:39.9658858Z Working directory is '/srv/ci-work/runner-7/work/singular/singular'
Generic, canonical-identity and serialization rows on a real devnet	Run actions/checkout@v6	2026-09-12T10:02:39.9660945Z [command]/nix/store/ipwndaag56mm8g8gn8j98z0jvn8x4mk1-git-2.52.0/bin/git version
Generic, canonical-identity and serialization rows on a real devnet	Run actions/checkout@v6	2026-09-12T10:02:39.9662382Z git version 2.52.0
Generic, canonical-identity and serialization rows on a real devnet	Run actions/checkout@v6	2026-09-12T10:02:39.9665479Z ##[endgroup]
Generic, canonical-identity and serialization rows on a real devnet	Run actions/checkout@v6	2026-09-12T10:02:39.9673568Z Temporarily overriding HOME='/srv/ci-work/runner-7/work/_temp/2edb56f6-2001-4fe3-b225-f59ab7f70fb9' before making global git config changes
Generic, canonical-identity and serialization rows on a real devnet	Run actions/checkout@v6	2026-09-12T10:02:39.9676087Z Adding repository directory to the temporary git global config as a safe directory
Generic, canonical-identity and serialization rows on a real devnet	Run actions/checkout@v6	2026-09-12T10:02:39.9678549Z [command]/nix/store/ipwndaag56mm8g8gn8j98z0jvn8x4mk1-git-2.52.0/bin/git config --global --add safe.directory /srv/ci-work/runner-7/work/singular/singular
Generic, canonical-identity and serialization rows on a real devnet	Run actions/checkout@v6	2026-09-12T10:02:39.9737008Z [command]/nix/store/ipwndaag56mm8g8gn8j98z0jvn8x4mk1-git-2.52.0/bin/git config --local --get remote.origin.url
Generic, canonical-identity and serialization rows on a real devnet	Run actions/checkout@v6	2026-09-12T10:02:39.9774346Z https://github.com/lambdasistemi/singular
Generic, canonical-identity and serialization rows on a real devnet	Run actions/checkout@v6	2026-09-12T10:02:39.9791171Z ##[group]Removing previously created refs, to avoid conflicts
Generic, canonical-identity and serialization rows on a real devnet	Run actions/checkout@v6	2026-09-12T10:02:39.9796288Z [command]/nix/store/ipwndaag56mm8g8gn8j98z0jvn8x4mk1-git-2.52.0/bin/git rev-parse --symbolic-full-name --verify --quiet HEAD
Generic, canonical-identity and serialization rows on a real devnet	Run actions/checkout@v6	2026-09-12T10:02:39.9834070Z HEAD
Generic, canonical-identity and serialization rows on a real devnet	Run actions/checkout@v6	2026-09-12T10:02:39.9905130Z ##[endgroup]
Generic, canonical-identity and serialization rows on a real devnet	Run actions/checkout@v6	2026-09-12T10:02:39.9906772Z [command]/nix/store/ipwndaag56mm8g8gn8j98z0jvn8x4mk1-git-2.52.0/bin/git submodule status
Generic, canonical-identity and serialization rows on a real devnet	Run actions/checkout@v6	2026-09-12T10:02:40.0416995Z ##[group]Cleaning the repository
Generic, canonical-identity and serialization rows on a real devnet	Run actions/checkout@v6	2026-09-12T10:02:40.0419118Z [command]/nix/store/ipwndaag56mm8g8gn8j98z0jvn8x4mk1-git-2.52.0/bin/git clean -ffdx
Generic, canonical-identity and serialization rows on a real devnet	Run actions/checkout@v6	2026-09-12T10:02:40.0499817Z [command]/nix/store/ipwndaag56mm8g8gn8j98z0jvn8x4mk1-git-2.52.0/bin/git reset --hard HEAD
Generic, canonical-identity and serialization rows on a real devnet	Run actions/checkout@v6	2026-09-12T10:02:40.0651698Z HEAD is now at f7f4eee PREP(coverage): continuous-path boundary control with effective mutants
Generic, canonical-identity and serialization rows on a real devnet	Run actions/checkout@v6	2026-09-12T10:02:40.0659146Z ##[endgroup]
Generic, canonical-identity and serialization rows on a real devnet	Run actions/checkout@v6	2026-09-12T10:02:40.0661316Z ##[group]Disabling automatic garbage collection
Generic, canonical-identity and serialization rows on a real devnet	Run actions/checkout@v6	2026-09-12T10:02:40.0667257Z [command]/nix/store/ipwndaag56mm8g8gn8j98z0jvn8x4mk1-git-2.52.0/bin/git config --local gc.auto 0
Generic, canonical-identity and serialization rows on a real devnet	Run actions/checkout@v6	2026-09-12T10:02:40.0750285Z ##[endgroup]
Generic, canonical-identity and serialization rows on a real devnet	Run actions/checkout@v6	2026-09-12T10:02:40.0751321Z ##[group]Setting up auth
Generic, canonical-identity and serialization rows on a real devnet	Run actions/checkout@v6	2026-09-12T10:02:40.0752199Z Removing SSH command configuration
Generic, canonical-identity and serialization rows on a real devnet	Run actions/checkout@v6	2026-09-12T10:02:40.0754145Z [command]/nix/store/ipwndaag56mm8g8gn8j98z0jvn8x4mk1-git-2.52.0/bin/git config --local --name-only --get-regexp core\.sshCommand
Generic, canonical-identity and serialization rows on a real devnet	Run actions/checkout@v6	2026-09-12T10:02:40.0820779Z [command]/nix/store/ipwndaag56mm8g8gn8j98z0jvn8x4mk1-git-2.52.0/bin/git submodule foreach --recursive sh -c "git config --local --name-only --get-regexp 'core\.sshCommand' && git config --local --unset-all 'core.sshCommand' || :"
Generic, canonical-identity and serialization rows on a real devnet	Run actions/checkout@v6	2026-09-12T10:02:40.1372201Z Removing HTTP extra header
Generic, canonical-identity and serialization rows on a real devnet	Run actions/checkout@v6	2026-09-12T10:02:40.1379795Z [command]/nix/store/ipwndaag56mm8g8gn8j98z0jvn8x4mk1-git-2.52.0/bin/git config --local --name-only --get-regexp http\.https\:\/\/github\.com\/\.extraheader
Generic, canonical-identity and serialization rows on a real devnet	Run actions/checkout@v6	2026-09-12T10:02:40.1447036Z [command]/nix/store/ipwndaag56mm8g8gn8j98z0jvn8x4mk1-git-2.52.0/bin/git submodule foreach --recursive sh -c "git config --local --name-only --get-regexp 'http\.https\:\/\/github\.com\/\.extraheader' && git config --local --unset-all 'http.https://github.com/.extraheader' || :"
Generic, canonical-identity and serialization rows on a real devnet	Run actions/checkout@v6	2026-09-12T10:02:40.1904896Z Removing includeIf entries pointing to credentials config files
Generic, canonical-identity and serialization rows on a real devnet	Run actions/checkout@v6	2026-09-12T10:02:40.1911807Z [command]/nix/store/ipwndaag56mm8g8gn8j98z0jvn8x4mk1-git-2.52.0/bin/git config --local --name-only --get-regexp ^includeIf\.gitdir:
Generic, canonical-identity and serialization rows on a real devnet	Run actions/checkout@v6	2026-09-12T10:02:40.1984473Z [command]/nix/store/ipwndaag56mm8g8gn8j98z0jvn8x4mk1-git-2.52.0/bin/git submodule foreach --recursive git config --local --show-origin --name-only --get-regexp remote.origin.url
Generic, canonical-identity and serialization rows on a real devnet	Run actions/checkout@v6	2026-09-12T10:02:40.2473803Z [command]/nix/store/ipwndaag56mm8g8gn8j98z0jvn8x4mk1-git-2.52.0/bin/git config --file /srv/ci-work/runner-7/work/_temp/git-credentials-3277bce8-e0d2-40d3-90e2-42497f44222b.config http.https://github.com/.extraheader AUTHORIZATION: basic ***
Generic, canonical-identity and serialization rows on a real devnet	Run actions/checkout@v6	2026-09-12T10:02:40.2574249Z [command]/nix/store/ipwndaag56mm8g8gn8j98z0jvn8x4mk1-git-2.52.0/bin/git config --local includeIf.gitdir:/srv/ci-work/runner-7/work/singular/singular/.git.path /srv/ci-work/runner-7/work/_temp/git-credentials-3277bce8-e0d2-40d3-90e2-42497f44222b.config
Generic, canonical-identity and serialization rows on a real devnet	Run actions/checkout@v6	2026-09-12T10:02:40.2624225Z [command]/nix/store/ipwndaag56mm8g8gn8j98z0jvn8x4mk1-git-2.52.0/bin/git config --local includeIf.gitdir:/srv/ci-work/runner-7/work/singular/singular/.git/worktrees/*.path /srv/ci-work/runner-7/work/_temp/git-credentials-3277bce8-e0d2-40d3-90e2-42497f44222b.config
Generic, canonical-identity and serialization rows on a real devnet	Run actions/checkout@v6	2026-09-12T10:02:40.2673688Z [command]/nix/store/ipwndaag56mm8g8gn8j98z0jvn8x4mk1-git-2.52.0/bin/git config --local includeIf.gitdir:/github/workspace/.git.path /github/runner_temp/git-credentials-3277bce8-e0d2-40d3-90e2-42497f44222b.config
Generic, canonical-identity and serialization rows on a real devnet	Run actions/checkout@v6	2026-09-12T10:02:40.2720656Z [command]/nix/store/ipwndaag56mm8g8gn8j98z0jvn8x4mk1-git-2.52.0/bin/git config --local includeIf.gitdir:/github/workspace/.git/worktrees/*.path /github/runner_temp/git-credentials-3277bce8-e0d2-40d3-90e2-42497f44222b.config
Generic, canonical-identity and serialization rows on a real devnet	Run actions/checkout@v6	2026-09-12T10:02:40.2765723Z ##[endgroup]
Generic, canonical-identity and serialization rows on a real devnet	Run actions/checkout@v6	2026-09-12T10:02:40.2767053Z ##[group]Fetching the repository
Generic, canonical-identity and serialization rows on a real devnet	Run actions/checkout@v6	2026-09-12T10:02:40.2776484Z [command]/nix/store/ipwndaag56mm8g8gn8j98z0jvn8x4mk1-git-2.52.0/bin/git -c protocol.version=2 fetch --no-tags --prune --no-recurse-submodules --depth=1 origin a85fea546985344633be46d3578237262ad7f08b
Generic, canonical-identity and serialization rows on a real devnet	Run actions/checkout@v6	2026-09-12T10:02:40.7722087Z From https://github.com/lambdasistemi/singular
Generic, canonical-identity and serialization rows on a real devnet	Run actions/checkout@v6	2026-09-12T10:02:40.7724245Z  * branch            a85fea546985344633be46d3578237262ad7f08b -> FETCH_HEAD
Generic, canonical-identity and serialization rows on a real devnet	Run actions/checkout@v6	2026-09-12T10:02:40.7757741Z [command]/nix/store/ipwndaag56mm8g8gn8j98z0jvn8x4mk1-git-2.52.0/bin/git rev-parse --verify --quiet a85fea546985344633be46d3578237262ad7f08b^{object}
Generic, canonical-identity and serialization rows on a real devnet	Run actions/checkout@v6	2026-09-12T10:02:40.7806800Z a85fea546985344633be46d3578237262ad7f08b
Generic, canonical-identity and serialization rows on a real devnet	Run actions/checkout@v6	2026-09-12T10:02:40.7818244Z ##[endgroup]
Generic, canonical-identity and serialization rows on a real devnet	Run actions/checkout@v6	2026-09-12T10:02:40.7820618Z ##[group]Determining the checkout info
Generic, canonical-identity and serialization rows on a real devnet	Run actions/checkout@v6	2026-09-12T10:02:40.7822914Z ##[endgroup]
Generic, canonical-identity and serialization rows on a real devnet	Run actions/checkout@v6	2026-09-12T10:02:40.7825288Z [command]/nix/store/ipwndaag56mm8g8gn8j98z0jvn8x4mk1-git-2.52.0/bin/git sparse-checkout disable
Generic, canonical-identity and serialization rows on a real devnet	Run actions/checkout@v6	2026-09-12T10:02:40.7903734Z [command]/nix/store/ipwndaag56mm8g8gn8j98z0jvn8x4mk1-git-2.52.0/bin/git config --local --unset-all extensions.worktreeConfig
Generic, canonical-identity and serialization rows on a real devnet	Run actions/checkout@v6	2026-09-12T10:02:40.7964726Z ##[group]Checking out the ref
Generic, canonical-identity and serialization rows on a real devnet	Run actions/checkout@v6	2026-09-12T10:02:40.7968821Z [command]/nix/store/ipwndaag56mm8g8gn8j98z0jvn8x4mk1-git-2.52.0/bin/git checkout --progress --force a85fea546985344633be46d3578237262ad7f08b
Generic, canonical-identity and serialization rows on a real devnet	Run actions/checkout@v6	2026-09-12T10:02:40.8109209Z Warning: you are leaving 1 commit behind, not connected to
Generic, canonical-identity and serialization rows on a real devnet	Run actions/checkout@v6	2026-09-12T10:02:40.8111363Z any of your branches:
Generic, canonical-identity and serialization rows on a real devnet	Run actions/checkout@v6	2026-09-12T10:02:40.8112063Z 
Generic, canonical-identity and serialization rows on a real devnet	Run actions/checkout@v6	2026-09-12T10:02:40.8113146Z   f7f4eee PREP(coverage): continuous-path boundary control with effective mutants
Generic, canonical-identity and serialization rows on a real devnet	Run actions/checkout@v6	2026-09-12T10:02:40.8114818Z 
Generic, canonical-identity and serialization rows on a real devnet	Run actions/checkout@v6	2026-09-12T10:02:40.8115688Z If you want to keep it by creating a new branch, this may be a good time
Generic, canonical-identity and serialization rows on a real devnet	Run actions/checkout@v6	2026-09-12T10:02:40.8117762Z to do so with:
Generic, canonical-identity and serialization rows on a real devnet	Run actions/checkout@v6	2026-09-12T10:02:40.8118708Z 
Generic, canonical-identity and serialization rows on a real devnet	Run actions/checkout@v6	2026-09-12T10:02:40.8119459Z  git branch <new-branch-name> f7f4eee
Generic, canonical-identity and serialization rows on a real devnet	Run actions/checkout@v6	2026-09-12T10:02:40.8121110Z 
Generic, canonical-identity and serialization rows on a real devnet	Run actions/checkout@v6	2026-09-12T10:02:40.8449162Z HEAD is now at a85fea5 merge main: pick up the packaged coverage-check app
Generic, canonical-identity and serialization rows on a real devnet	Run actions/checkout@v6	2026-09-12T10:02:40.8470210Z ##[endgroup]
Generic, canonical-identity and serialization rows on a real devnet	Run actions/checkout@v6	2026-09-12T10:02:40.8519111Z [command]/nix/store/ipwndaag56mm8g8gn8j98z0jvn8x4mk1-git-2.52.0/bin/git log -1 --format=%H
Generic, canonical-identity and serialization rows on a real devnet	Run actions/checkout@v6	2026-09-12T10:02:40.8568135Z a85fea546985344633be46d3578237262ad7f08b
Generic, canonical-identity and serialization rows on a real devnet	Run cachix/cachix-action@v17	﻿2026-09-12T10:02:40.9011140Z ##[group]Run cachix/cachix-action@v17
Generic, canonical-identity and serialization rows on a real devnet	Run cachix/cachix-action@v17	2026-09-12T10:02:40.9013142Z with:
Generic, canonical-identity and serialization rows on a real devnet	Run cachix/cachix-action@v17	2026-09-12T10:02:40.9014477Z   name: paolino
Generic, canonical-identity and serialization rows on a real devnet	Run cachix/cachix-action@v17	2026-09-12T10:02:40.9021005Z   authToken: ***
Generic, canonical-identity and serialization rows on a real devnet	Run cachix/cachix-action@v17	2026-09-12T10:02:40.9022516Z   skipPush: false
Generic, canonical-identity and serialization rows on a real devnet	Run cachix/cachix-action@v17	2026-09-12T10:02:40.9023994Z   useDaemon: true
Generic, canonical-identity and serialization rows on a real devnet	Run cachix/cachix-action@v17	2026-09-12T10:02:40.9025550Z   skipAddingSubstituter: false
Generic, canonical-identity and serialization rows on a real devnet	Run cachix/cachix-action@v17	2026-09-12T10:02:40.9027328Z env:
Generic, canonical-identity and serialization rows on a real devnet	Run cachix/cachix-action@v17	2026-09-12T10:02:40.9029738Z   XDG_CACHE_HOME: /srv/ci-work/runner-7/work/_temp/nix-cache-34687362374-1-conformance
Generic, canonical-identity and serialization rows on a real devnet	Run cachix/cachix-action@v17	2026-09-12T10:02:40.9032798Z ##[endgroup]
Generic, canonical-identity and serialization rows on a real devnet	Run cachix/cachix-action@v17	2026-09-12T10:02:41.0230687Z ##[group]Cachix: checking version
Generic, canonical-identity and serialization rows on a real devnet	Run cachix/cachix-action@v17	2026-09-12T10:02:41.0253674Z [command]/nix/store/8c85nnzmy656jara9bdqgblwb8k02fjw-cachix-1.10.1-bin/bin/cachix --version
Generic, canonical-identity and serialization rows on a real devnet	Run cachix/cachix-action@v17	2026-09-12T10:02:41.0728820Z cachix 1.10.1
Generic, canonical-identity and serialization rows on a real devnet	Run cachix/cachix-action@v17	2026-09-12T10:02:41.0819587Z ##[endgroup]
Generic, canonical-identity and serialization rows on a real devnet	Run cachix/cachix-action@v17	2026-09-12T10:02:41.0827477Z [command]/nix/store/8c85nnzmy656jara9bdqgblwb8k02fjw-cachix-1.10.1-bin/bin/cachix authtoken ***
Generic, canonical-identity and serialization rows on a real devnet	Run cachix/cachix-action@v17	2026-09-12T10:02:41.1249822Z Written to /srv/ci-work/runner-7/work/.config/cachix/cachix.dhall
Generic, canonical-identity and serialization rows on a real devnet	Run cachix/cachix-action@v17	2026-09-12T10:02:41.1323982Z ##[group]Cachix: using cache paolino
Generic, canonical-identity and serialization rows on a real devnet	Run cachix/cachix-action@v17	2026-09-12T10:02:41.1327163Z [command]/nix/store/8c85nnzmy656jara9bdqgblwb8k02fjw-cachix-1.10.1-bin/bin/cachix use paolino
Generic, canonical-identity and serialization rows on a real devnet	Run cachix/cachix-action@v17	2026-09-12T10:02:41.5070934Z Configured https://paolino.cachix.org binary cache in /srv/ci-work/runner-7/work/.config/nix/nix.conf
Generic, canonical-identity and serialization rows on a real devnet	Run cachix/cachix-action@v17	2026-09-12T10:02:41.5220206Z ##[endgroup]
Generic, canonical-identity and serialization rows on a real devnet	Run the unit suite as a packaged app without a dev shell	﻿2026-09-12T10:02:41.6078096Z ##[group]Run nix run --quiet .#conformance-tests
Generic, canonical-identity and serialization rows on a real devnet	Run the unit suite as a packaged app without a dev shell	2026-09-12T10:02:41.6079806Z [36;1mnix run --quiet .#conformance-tests[0m
Generic, canonical-identity and serialization rows on a real devnet	Run the unit suite as a packaged app without a dev shell	2026-09-12T10:02:41.6085076Z shell: /nix/store/x12lw455sq6qy2wcya85d7rb88ybc3df-bash-interactive-5.3p9/bin/bash -e {0}
Generic, canonical-identity and serialization rows on a real devnet	Run the unit suite as a packaged app without a dev shell	2026-09-12T10:02:41.6087258Z env:
Generic, canonical-identity and serialization rows on a real devnet	Run the unit suite as a packaged app without a dev shell	2026-09-12T10:02:41.6088901Z   XDG_CACHE_HOME: /srv/ci-work/runner-7/work/_temp/nix-cache-34687362374-1-conformance
Generic, canonical-identity and serialization rows on a real devnet	Run the unit suite as a packaged app without a dev shell	2026-09-12T10:02:41.6092604Z   NIX_USER_CONF_FILES: /srv/ci-work/runner-7/work/_temp/cachixpYjY5F/nix.conf:/srv/ci-work/runner-7/work/.config/nix/nix.conf:/etc/xdg/nix/nix.conf
Generic, canonical-identity and serialization rows on a real devnet	Run the unit suite as a packaged app without a dev shell	2026-09-12T10:02:41.6096016Z   CACHIX_DAEMON_DIR: /srv/ci-work/runner-7/work/_temp/cachixpYjY5F
Generic, canonical-identity and serialization rows on a real devnet	Run the unit suite as a packaged app without a dev shell	2026-09-12T10:02:41.6097949Z ##[endgroup]
Generic, canonical-identity and serialization rows on a real devnet	Run the unit suite as a packaged app without a dev shell	2026-09-12T10:03:48.6566166Z 
Generic, canonical-identity and serialization rows on a real devnet	Run the unit suite as a packaged app without a dev shell	2026-09-12T10:03:48.6566979Z Receipt
Generic, canonical-identity and serialization rows on a real devnet	Run the unit suite as a packaged app without a dev shell	2026-09-12T10:03:48.6569106Z   round-trips every verdict class [[32m✔[0m]
Generic, canonical-identity and serialization rows on a real devnet	Run the unit suite as a packaged app without a dev shell	2026-09-12T10:03:48.6570534Z   loads the fixture receipts [[32m✔[0m]
Generic, canonical-identity and serialization rows on a real devnet	Run the unit suite as a packaged app without a dev shell	2026-09-12T10:03:48.6580866Z   shows executed only with a base-matching receipt [[32m✔[0m]
Generic, canonical-identity and serialization rows on a real devnet	Run the unit suite as a packaged app without a dev shell	2026-09-12T10:03:48.6592841Z   shows the refused fixture row executed with its receipt [[32m✔[0m]
Generic, canonical-identity and serialization rows on a real devnet	Run the unit suite as a packaged app without a dev shell	2026-09-12T10:03:48.6594726Z   rejects an accepted receipt with no transactions [[32m✔[0m]
Generic, canonical-identity and serialization rows on a real devnet	Run the unit suite as a packaged app without a dev shell	2026-09-12T10:03:48.6596419Z   rejects a refused receipt with no attribution [[32m✔[0m]
Generic, canonical-identity and serialization rows on a real devnet	Run the unit suite as a packaged app without a dev shell	2026-09-12T10:03:48.6598965Z   rejects two receipts for one row [[32m✔[0m]
Generic, canonical-identity and serialization rows on a real devnet	Run the unit suite as a packaged app without a dev shell	2026-09-12T10:03:48.6600734Z   rejects a malformed receipt naming the file [[32m✔[0m]
Generic, canonical-identity and serialization rows on a real devnet	Run the unit suite as a packaged app without a dev shell	2026-09-12T10:03:48.6602419Z   rejects a receipt with an unknown venue [[32m✔[0m]
Generic, canonical-identity and serialization rows on a real devnet	Run the unit suite as a packaged app without a dev shell	2026-09-12T10:03:48.6604522Z   rejects a node-submit refusal with no rejected id [[32m✔[0m]
Generic, canonical-identity and serialization rows on a real devnet	Run the unit suite as a packaged app without a dev shell	2026-09-12T10:03:48.6606381Z   rejects an accepted receipt naming a rejected id [[32m✔[0m]
Generic, canonical-identity and serialization rows on a real devnet	Run the unit suite as a packaged app without a dev shell	2026-09-12T10:03:48.6608544Z   accepts a blueprint-check receipt with no transactions [[32m✔[0m]
Generic, canonical-identity and serialization rows on a real devnet	Run the unit suite as a packaged app without a dev shell	2026-09-12T10:03:48.6610511Z   accepts a param-check receipt with no transactions [[32m✔[0m]
Generic, canonical-identity and serialization rows on a real devnet	Run the unit suite as a packaged app without a dev shell	2026-09-12T10:03:48.6612662Z   rejects a blueprint-check receipt naming transactions [[32m✔[0m]
Generic, canonical-identity and serialization rows on a real devnet	Run the unit suite as a packaged app without a dev shell	2026-09-12T10:03:48.6614432Z   accepts a small receipt under the size bound [[32m✔[0m]
Generic, canonical-identity and serialization rows on a real devnet	Run the unit suite as a packaged app without a dev shell	2026-09-12T10:03:48.6624125Z   rejects an oversized receipt naming the row [[32m✔[0m]
Generic, canonical-identity and serialization rows on a real devnet	Run the unit suite as a packaged app without a dev shell	2026-09-12T10:03:48.6625003Z Refusal
Generic, canonical-identity and serialization rows on a real devnet	Run the unit suite as a packaged app without a dev shell	2026-09-12T10:03:48.6625798Z   accepts a phase-2 failure naming the script [[32m✔[0m]
Generic, canonical-identity and serialization rows on a real devnet	Run the unit suite as a packaged app without a dev shell	2026-09-12T10:03:48.6627042Z   accepts a build-evaluation failure naming the script [[32m✔[0m]
Generic, canonical-identity and serialization rows on a real devnet	Run the unit suite as a packaged app without a dev shell	2026-09-12T10:03:48.6628507Z   rejects a phase-1 refusal without PlutusFailure [[32m✔[0m]
Generic, canonical-identity and serialization rows on a real devnet	Run the unit suite as a packaged app without a dev shell	2026-09-12T10:03:48.6629794Z   rejects marker-only text with no phase-2 vocabulary [[32m✔[0m]
Generic, canonical-identity and serialization rows on a real devnet	Run the unit suite as a packaged app without a dev shell	2026-09-12T10:03:48.6631093Z   rejects a phase-2 failure naming another script [[32m✔[0m]
Generic, canonical-identity and serialization rows on a real devnet	Run the unit suite as a packaged app without a dev shell	2026-09-12T10:03:48.6632269Z   never matches the wrong-reason control marker [[32m✔[0m]
Generic, canonical-identity and serialization rows on a real devnet	Run the unit suite as a packaged app without a dev shell	2026-09-12T10:03:48.6633501Z   trims the script binary out of an eval refusal [[32m✔[0m]
Generic, canonical-identity and serialization rows on a real devnet	Run the unit suite as a packaged app without a dev shell	2026-09-12T10:03:48.6634607Z   marks an unknown refusal shape unparsed [[32m✔[0m]
Generic, canonical-identity and serialization rows on a real devnet	Run the unit suite as a packaged app without a dev shell	2026-09-12T10:03:48.6635775Z   keeps every failed script hash when two scripts fail [[32m✔[0m]
Generic, canonical-identity and serialization rows on a real devnet	Run the unit suite as a packaged app without a dev shell	2026-09-12T10:03:48.6637029Z   trims the node-submit shape to its attribution [[32m✔[0m]
Generic, canonical-identity and serialization rows on a real devnet	Run the unit suite as a packaged app without a dev shell	2026-09-12T10:03:48.6638132Z   receipt policy (A-002)
Generic, canonical-identity and serialization rows on a real devnet	Run the unit suite as a packaged app without a dev shell	2026-09-12T10:03:48.6639269Z     a refused control never overwrites the row's held receipt [[32m✔[0m]
Generic, canonical-identity and serialization rows on a real devnet	Run the unit suite as a packaged app without a dev shell	2026-09-12T10:03:48.6640578Z     a refusal row writes its refused receipt [[32m✔[0m]
Generic, canonical-identity and serialization rows on a real devnet	Run the unit suite as a packaged app without a dev shell	2026-09-12T10:03:48.6641974Z     a control refusal writes nothing even where no receipts directory exists [[32m✔[0m]
Generic, canonical-identity and serialization rows on a real devnet	Run the unit suite as a packaged app without a dev shell	2026-09-12T10:03:48.6643567Z     a refusal that does not attribute writes nothing and says why [[32m✔[0m]
Generic, canonical-identity and serialization rows on a real devnet	Run the unit suite as a packaged app without a dev shell	2026-09-12T10:03:48.6644530Z Rows
Generic, canonical-identity and serialization rows on a real devnet	Run the unit suite as a packaged app without a dev shell	2026-09-12T10:03:48.6645472Z   loads the committed inventory: 42 rows, 41 owned, unique ids [[32m✔[0m]
Generic, canonical-identity and serialization rows on a real devnet	Run the unit suite as a packaged app without a dev shell	2026-09-12T10:03:48.6646835Z   records CK06 out of scope under cardano-keri [[32m✔[0m]
Generic, canonical-identity and serialization rows on a real devnet	Run the unit suite as a packaged app without a dev shell	2026-09-12T10:03:48.6660740Z   carries no executed rows in the committed file [[32m✔[0m]
Generic, canonical-identity and serialization rows on a real devnet	Run the unit suite as a packaged app without a dev shell	2026-09-12T10:03:48.6661818Z   rejects an empty inventory [[32m✔[0m]
Generic, canonical-identity and serialization rows on a real devnet	Run the unit suite as a packaged app without a dev shell	2026-09-12T10:03:48.6663348Z   rejects a shortened inventory naming the count [[32m✔[0m]
Generic, canonical-identity and serialization rows on a real devnet	Run the unit suite as a packaged app without a dev shell	2026-09-12T10:03:48.6668128Z   rejects duplicate row ids [[32m✔[0m]
Generic, canonical-identity and serialization rows on a real devnet	Run the unit suite as a packaged app without a dev shell	2026-09-12T10:03:48.6668999Z   rejects an unknown row state [[32m✔[0m]
Generic, canonical-identity and serialization rows on a real devnet	Run the unit suite as a packaged app without a dev shell	2026-09-12T10:03:48.6669960Z   rejects the executed state in rows.json [[32m✔[0m]
Generic, canonical-identity and serialization rows on a real devnet	Run the unit suite as a packaged app without a dev shell	2026-09-12T10:03:48.6670539Z 
Generic, canonical-identity and serialization rows on a real devnet	Run the unit suite as a packaged app without a dev shell	2026-09-12T10:03:48.6670812Z Finished in 0.0106 seconds
Generic, canonical-identity and serialization rows on a real devnet	Run the unit suite as a packaged app without a dev shell	2026-09-12T10:03:48.6671510Z [32m38 examples, 0 failures[0m
Generic, canonical-identity and serialization rows on a real devnet	List the inventory as a packaged app without a dev shell	﻿2026-09-12T10:03:48.6804951Z ##[group]Run nix run --quiet .#conformance -- list
Generic, canonical-identity and serialization rows on a real devnet	List the inventory as a packaged app without a dev shell	2026-09-12T10:03:48.6805935Z [36;1mnix run --quiet .#conformance -- list[0m
Generic, canonical-identity and serialization rows on a real devnet	List the inventory as a packaged app without a dev shell	2026-09-12T10:03:48.6810349Z shell: /nix/store/x12lw455sq6qy2wcya85d7rb88ybc3df-bash-interactive-5.3p9/bin/bash -e {0}
Generic, canonical-identity and serialization rows on a real devnet	List the inventory as a packaged app without a dev shell	2026-09-12T10:03:48.6811881Z env:
Generic, canonical-identity and serialization rows on a real devnet	List the inventory as a packaged app without a dev shell	2026-09-12T10:03:48.6812710Z   XDG_CACHE_HOME: /srv/ci-work/runner-7/work/_temp/nix-cache-34687362374-1-conformance
Generic, canonical-identity and serialization rows on a real devnet	List the inventory as a packaged app without a dev shell	2026-09-12T10:03:48.6814626Z   NIX_USER_CONF_FILES: /srv/ci-work/runner-7/work/_temp/cachixpYjY5F/nix.conf:/srv/ci-work/runner-7/work/.config/nix/nix.conf:/etc/xdg/nix/nix.conf
Generic, canonical-identity and serialization rows on a real devnet	List the inventory as a packaged app without a dev shell	2026-09-12T10:03:48.6816397Z   CACHIX_DAEMON_DIR: /srv/ci-work/runner-7/work/_temp/cachixpYjY5F
Generic, canonical-identity and serialization rows on a real devnet	List the inventory as a packaged app without a dev shell	2026-09-12T10:03:48.6817284Z ##[endgroup]
Generic, canonical-identity and serialization rows on a real devnet	List the inventory as a packaged app without a dev shell	2026-09-12T10:04:31.2354925Z id	group	expected	state	requirement
Generic, canonical-identity and serialization rows on a real devnet	List the inventory as a packaged app without a dev shell	2026-09-12T10:04:31.2356742Z CA01	CA	accept	uncovered	The canonical registry token name is SHA-256 of the canonical seed's outRef; a consumer recomputes it from the published seed and matches the on-chain state UTxO.
Generic, canonical-identity and serialization rows on a real devnet	List the inventory as a packaged app without a dev shell	2026-09-12T10:04:31.2360031Z CA02	CA	rival accepted on chain; authentication rejects	uncovered	A rival registry initialized from a second seed exists and is accepted by the ledger; canonical authentication rejects it on name.
Generic, canonical-identity and serialization rows on a real devnet	List the inventory as a packaged app without a dev shell	2026-09-12T10:04:31.2362261Z CA03	CA	control must fail	uncovered	Negative control: an authenticator that checks only policy+address, not the derived name, accepts the rival.
Generic, canonical-identity and serialization rows on a real devnet	List the inventory as a packaged app without a dev shell	2026-09-12T10:04:31.2364440Z CA04	CA	accept	uncovered	Applied and unapplied validator identity layers stay distinct and derived: applied address = apply(pinned unapplied hash, declared parameters); parameter count published.
Generic, canonical-identity and serialization rows on a real devnet	List the inventory as a packaged app without a dev shell	2026-09-12T10:04:31.2367412Z CA05	CA	authentication rejects; no script ran	uncovered	A forged output at the canonical address carrying no registry token is not a registry: creating an output does not execute the receiving script.
Generic, canonical-identity and serialization rows on a real devnet	List the inventory as a packaged app without a dev shell	2026-09-12T10:04:31.2370903Z CG01	CG	accept	bound-elsewhere	Generic Insert: request, fold, leaf present, root advances, read back from chain.
Generic, canonical-identity and serialization rows on a real devnet	List the inventory as a packaged app without a dev shell	2026-09-12T10:04:31.2372191Z CG02	CG	accept	uncovered	Generic Update (OpUpdate old new) on an existing key folds; the root advances and the new value reads back from chain.
Generic, canonical-identity and serialization rows on a real devnet	List the inventory as a packaged app without a dev shell	2026-09-12T10:04:31.2373348Z CG03	CG	accept	uncovered	Generic Delete (OpDelete old) on an existing key folds; the key returns to absence, proved by a read from chain.
Generic, canonical-identity and serialization rows on a real devnet	List the inventory as a packaged app without a dev shell	2026-09-12T10:04:31.2375343Z CG04	CG	accept	uncovered	After CG03, re-Insert the same key (reincarnation).
Generic, canonical-identity and serialization rows on a real devnet	List the inventory as a packaged app without a dev shell	2026-09-12T10:04:31.2376801Z CG05	CG	refuse, attributed to the script that refused	uncovered	Insert on a key that is already present.
Generic, canonical-identity and serialization rows on a real devnet	List the inventory as a packaged app without a dev shell	2026-09-12T10:04:31.2377739Z CG06	CG	accept; root unchanged	bound-elsewhere	Retract in phase 2 returns bond+tip, registry untouched.
Generic, canonical-identity and serialization rows on a real devnet	List the inventory as a packaged app without a dev shell	2026-09-12T10:04:31.2378789Z CG07	CG	refuse	uncovered	Retract outside phase 2.
Generic, canonical-identity and serialization rows on a real devnet	List the inventory as a packaged app without a dev shell	2026-09-12T10:04:31.2379317Z CG08	CG	accept	bound-elsewhere	Rejected when rejectable.
Generic, canonical-identity and serialization rows on a real devnet	List the inventory as a packaged app without a dev shell	2026-09-12T10:04:31.2379847Z CG09	CG	refuse	uncovered	Rejected when not rejectable.
Generic, canonical-identity and serialization rows on a real devnet	List the inventory as a packaged app without a dev shell	2026-09-12T10:04:31.2380348Z CG10	CG	refuse	uncovered	Stale fold against a superseded root.
Generic, canonical-identity and serialization rows on a real devnet	List the inventory as a packaged app without a dev shell	2026-09-12T10:04:31.2380975Z CG11	CG	observe and report	uncovered	Empty fold (Modify []).
Generic, canonical-identity and serialization rows on a real devnet	List the inventory as a packaged app without a dev shell	2026-09-12T10:04:31.2381709Z CG12	CG	observe and report	uncovered	Surplus actions beyond the matched request inputs.
Generic, canonical-identity and serialization rows on a real devnet	List the inventory as a packaged app without a dev shell	2026-09-12T10:04:31.2383047Z CG13	CG	observe — defect evidence (owner change accepted); resolved-by-ruling	uncovered	Owner/hook pinning: a Modify that changes the state owner.
Generic, canonical-identity and serialization rows on a real devnet	List the inventory as a packaged app without a dev shell	2026-09-12T10:04:31.2384301Z CG14	CG	could-not-execute — superseded imported-partition material	uncovered	stake_script hook set: a fold carrying the matching withdrawal.
Generic, canonical-identity and serialization rows on a real devnet	List the inventory as a packaged app without a dev shell	2026-09-12T10:04:31.2385425Z CG15	CG	could-not-execute — superseded imported-partition material	uncovered	stake_script hook set, withdrawal absent.
Generic, canonical-identity and serialization rows on a real devnet	List the inventory as a packaged app without a dev shell	2026-09-12T10:04:31.2386915Z CG16	CG	superseded — observation preserved, conformance claim withdrawn (registry has no owner role; owner-signed sweep asserted authority that does not exist)	bound-elsewhere	Sweep of a non-legitimate UTxO, owner-signed.
Generic, canonical-identity and serialization rows on a real devnet	List the inventory as a packaged app without a dev shell	2026-09-12T10:04:31.2388391Z CG17	CG	SUPERSEDED by operator ruling (registry has no owner role): observation preserved, claim withdrawn	uncovered	Sweep by a non-owner.
Generic, canonical-identity and serialization rows on a real devnet	List the inventory as a packaged app without a dev shell	2026-09-12T10:04:31.2389495Z CG18	CG	accept	bound-elsewhere	End burns the state token and closes the cage.
Generic, canonical-identity and serialization rows on a real devnet	List the inventory as a packaged app without a dev shell	2026-09-12T10:04:31.2390259Z CG19	CG	observe and report	uncovered	Refund routing: each processed request's exact bond to its owner, tip to the folder.
Generic, canonical-identity and serialization rows on a real devnet	List the inventory as a packaged app without a dev shell	2026-09-12T10:04:31.2391985Z CG20	CG	accept	uncovered	Hold a valid fold constant and remove only the state-owner required signer; the observation (accept or refuse) is recorded with its transaction — the regression property the independent verification (F-002) specified.
Generic, canonical-identity and serialization rows on a real devnet	List the inventory as a packaged app without a dev shell	2026-09-12T10:04:31.2393445Z CK01	CK	accept	uncovered	Present: resolve the active registration's application UTxO from the authenticated canonical registry.
Generic, canonical-identity and serialization rows on a real devnet	List the inventory as a packaged app without a dev shell	2026-09-12T10:04:31.2394260Z CK02	CK	accept	uncovered	The token: exact policy, quantity one, derived asset name.
Generic, canonical-identity and serialization rows on a real devnet	List the inventory as a packaged app without a dev shell	2026-09-12T10:04:31.2394865Z CK03	CK	reject, fail closed	uncovered	Zero candidates resolves to reject.
Generic, canonical-identity and serialization rows on a real devnet	List the inventory as a packaged app without a dev shell	2026-09-12T10:04:31.2395631Z CK04	CK	refuse	uncovered	Several candidates impossible: a second live representative for one registered key cannot be created.
Generic, canonical-identity and serialization rows on a real devnet	List the inventory as a packaged app without a dev shell	2026-09-12T10:04:31.2396691Z CK05	CK	pending	uncovered	Resolve while the representative sits in a pending terminal request: report pending, not a usable output.
Generic, canonical-identity and serialization rows on a real devnet	List the inventory as a packaged app without a dev shell	2026-09-12T10:04:31.2398195Z CK06	CK	out of scope — recorded, never claimed	out-of-scope	Bonds, poison, the juvenility window W and the signature threshold: the checkpoint machine's and the treasury's policy, not Singular's.
Generic, canonical-identity and serialization rows on a real devnet	List the inventory as a packaged app without a dev shell	2026-09-12T10:04:31.2399612Z CL01	CL	recorded	uncovered	Execution units (mem, cpu) and transaction size measured for every accepting row, against the devnet's Conway protocol maxima, with headroom stated.
Generic, canonical-identity and serialization rows on a real devnet	List the inventory as a packaged app without a dev shell	2026-09-12T10:04:31.2401015Z CL02	CL	an actual observed boundary, N accepted and N+1 refused	uncovered	The fold batch-size boundary: the largest Modify batch that succeeds and the smallest that fails, with the failure reason.
Generic, canonical-identity and serialization rows on a real devnet	List the inventory as a packaged app without a dev shell	2026-09-12T10:04:31.2402509Z CL03	CL	recorded from the running node and the pinned flakes	uncovered	Exact environment: cardano-node version, GHC, Aiken toolchain, blueprint hashes, and the environments explicitly not supported.
Generic, canonical-identity and serialization rows on a real devnet	List the inventory as a packaged app without a dev shell	2026-09-12T10:04:31.2404201Z CS01	CS	accept, byte-exact against the blueprint	uncovered	Every ToData/FromData instance in Cardano.MPFS.Cage.Types round-trips, and its constructor index and field order match the compiled blueprint's declared schema, not merely itself.
Generic, canonical-identity and serialization rows on a real devnet	List the inventory as a packaged app without a dev shell	2026-09-12T10:04:31.2405744Z CS02	CS	accept, byte-compare submitted vs chain-observed	uncovered	Datum bytes constructed in Haskell and submitted are read back from the chain identical.
Generic, canonical-identity and serialization rows on a real devnet	List the inventory as a packaged app without a dev shell	2026-09-12T10:04:31.2407163Z CS03	CS	accept, one executing witness per constructor	uncovered	Each UpdateRedeemer constructor (End 0, Contribute 1, Modify 2, Retract 3, Sweep 4) is exercised by a submitted transaction that the validator executed.
Generic, canonical-identity and serialization rows on a real devnet	List the inventory as a packaged app without a dev shell	2026-09-12T10:04:31.2408522Z CS04	CS	refuse, attributed to the script	uncovered	A redeemer at a wrong constructor index is refused by the compiled validator.
Generic, canonical-identity and serialization rows on a real devnet	List the inventory as a packaged app without a dev shell	2026-09-12T10:04:31.2409795Z CS05	CS	accept or explicit gap	uncovered	Each RequestAction (Update 0, Rejected 1) and MintRedeemer (Minting 0, Migrating 1, Burning 2) constructor executed or explicitly recorded unreachable with its reason.
Generic, canonical-identity and serialization rows on a real devnet	List the inventory as a packaged app without a dev shell	2026-09-12T10:04:31.2411328Z CS06	CS	accept	uncovered	Script parameter application: parameter count and encoding published, applied hash derived in Haskell equals the on-chain address for every parameterized script.
Generic, canonical-identity and serialization rows on a real devnet	List the inventory as a packaged app without a dev shell	2026-09-12T10:04:31.2412539Z CS07	CS	accept	uncovered	Each ProofStep variant (Branch 0, Fork 1, Leaf 2) and Neighbor exercised by a fold the validator accepted.
Generic, canonical-identity and serialization rows on a real devnet	List the inventory as a packaged app without a dev shell	2026-09-12T10:04:31.2413724Z CS08	CS	accept	uncovered	OnChainTokenState's six fields (owner, stake_script, root, maxFee, processTime, retractTime) survive a chain round trip with stake_script both None and Some.
Generic, canonical-identity and serialization rows on a real devnet	List the inventory as a packaged app without a dev shell	2026-09-12T10:04:31.2414489Z 
Generic, canonical-identity and serialization rows on a real devnet	List the inventory as a packaged app without a dev shell	2026-09-12T10:04:31.2414690Z 42 rows: 0 executed, 5 bound-elsewhere, 36 uncovered, 1 out-of-scope
Generic, canonical-identity and serialization rows on a real devnet	List the inventory as a packaged app without a dev shell	2026-09-12T10:04:31.2415128Z owned denominator: 41 (CK06 out of scope)
Generic, canonical-identity and serialization rows on a real devnet	Run the generic rows as a packaged app without a dev shell	﻿2026-09-12T10:04:31.2452758Z ##[group]Run set -e
Generic, canonical-identity and serialization rows on a real devnet	Run the generic rows as a packaged app without a dev shell	2026-09-12T10:04:31.2453117Z [36;1mset -e[0m
Generic, canonical-identity and serialization rows on a real devnet	Run the generic rows as a packaged app without a dev shell	2026-09-12T10:04:31.2453548Z [36;1mmpfs="$(nix build --quiet --no-link --print-out-paths ../onchain#plutus-blueprint)"[0m
Generic, canonical-identity and serialization rows on a real devnet	Run the generic rows as a packaged app without a dev shell	2026-09-12T10:04:31.2454161Z [36;1m# The receipts directory is invocation-fresh: stale records[0m
Generic, canonical-identity and serialization rows on a real devnet	Run the generic rows as a packaged app without a dev shell	2026-09-12T10:04:31.2454795Z [36;1m# must never supplement a partial or failed run.[0m
Generic, canonical-identity and serialization rows on a real devnet	Run the generic rows as a packaged app without a dev shell	2026-09-12T10:04:31.2455183Z [36;1mrm -rf ./conformance-receipts[0m
Generic, canonical-identity and serialization rows on a real devnet	Run the generic rows as a packaged app without a dev shell	2026-09-12T10:04:31.2455517Z [36;1mmkdir -p ./conformance-receipts[0m
Generic, canonical-identity and serialization rows on a real devnet	Run the generic rows as a packaged app without a dev shell	2026-09-12T10:04:31.2455823Z [36;1mset +e[0m
Generic, canonical-identity and serialization rows on a real devnet	Run the generic rows as a packaged app without a dev shell	2026-09-12T10:04:31.2456641Z [36;1mMPFS_BLUEPRINT="$mpfs" nix run --quiet .#conformance -- run CG02 CG03 CG04 CG05 CG07 CG09 CG10 CG11 CG12 CG13 CG17 CG19 CG20 --receipts-dir ./conformance-receipts 2>&1 | tee /tmp/generic-rows.log[0m
Generic, canonical-identity and serialization rows on a real devnet	Run the generic rows as a packaged app without a dev shell	2026-09-12T10:04:31.2457540Z [36;1mrun_rc=${PIPESTATUS[0]}[0m
Generic, canonical-identity and serialization rows on a real devnet	Run the generic rows as a packaged app without a dev shell	2026-09-12T10:04:31.2457814Z [36;1mset -e[0m
Generic, canonical-identity and serialization rows on a real devnet	Run the generic rows as a packaged app without a dev shell	2026-09-12T10:04:31.2458357Z [36;1mecho "generic session exit: $run_rc (expected: exactly 1, the handled session-debt exit)"[0m
Generic, canonical-identity and serialization rows on a real devnet	Run the generic rows as a packaged app without a dev shell	2026-09-12T10:04:31.2458998Z [36;1m# --- expected-debt assertion over ACTUAL session results[0m
Generic, canonical-identity and serialization rows on a real devnet	Run the generic rows as a packaged app without a dev shell	2026-09-12T10:04:31.2459476Z [36;1m# --- (A-001, NOTE-002: never success from a bare nonzero or[0m
Generic, canonical-identity and serialization rows on a real devnet	Run the generic rows as a packaged app without a dev shell	2026-09-12T10:04:31.2459946Z [36;1m# --- an error label; build/setup/crash/unknown must FAIL)[0m
Generic, canonical-identity and serialization rows on a real devnet	Run the generic rows as a packaged app without a dev shell	2026-09-12T10:04:31.2460360Z [36;1mhead_sha="$(git rev-parse HEAD)"[0m
Generic, canonical-identity and serialization rows on a real devnet	Run the generic rows as a packaged app without a dev shell	2026-09-12T10:04:31.2460767Z [36;1m# 1. the EXACT intended session-debt status, never "nonzero":[0m
Generic, canonical-identity and serialization rows on a real devnet	Run the generic rows as a packaged app without a dev shell	2026-09-12T10:04:31.2461255Z [36;1m#    Main.hs maps every handled session failure to exit 1, so[0m
Generic, canonical-identity and serialization rows on a real devnet	Run the generic rows as a packaged app without a dev shell	2026-09-12T10:04:31.2461720Z [36;1m#    exit 1 is the intended result ONLY together with the[0m
Generic, canonical-identity and serialization rows on a real devnet	Run the generic rows as a packaged app without a dev shell	2026-09-12T10:04:31.2462148Z [36;1m#    complete terminal evidence asserted below.[0m
Generic, canonical-identity and serialization rows on a real devnet	Run the generic rows as a packaged app without a dev shell	2026-09-12T10:04:31.2463076Z [36;1m[ "$run_rc" -eq 1 ] || { echo "FAIL: session exit $run_rc is not the known session-debt exit 1 — a build/setup/crash exit is an unexamined failure, not expected debt"; exit 1; }[0m
Generic, canonical-identity and serialization rows on a real devnet	Run the generic rows as a packaged app without a dev shell	2026-09-12T10:04:31.2463981Z [36;1m# 2. complete session evidence: all 13 rows executed...[0m
Generic, canonical-identity and serialization rows on a real devnet	Run the generic rows as a packaged app without a dev shell	2026-09-12T10:04:31.2464786Z [36;1mgrep -q 'complete: 13/13 rows ok' /tmp/generic-rows.log || { echo 'FAIL: the session did not complete all 13 rows (mid-run failure or crash)'; exit 1; }[0m
Generic, canonical-identity and serialization rows on a real devnet	Run the generic rows as a packaged app without a dev shell	2026-09-12T10:04:31.2465704Z [36;1m#    ...and the terminal failure is the held-rows debt report[0m
Generic, canonical-identity and serialization rows on a real devnet	Run the generic rows as a packaged app without a dev shell	2026-09-12T10:04:31.2466923Z [36;1mgrep -q 'ROWS THE RUN CANNOT REPORT AS PASSING' /tmp/generic-rows.log || { echo 'FAIL: the terminal failure is not the held-rows debt report'; exit 1; }[0m
Generic, canonical-identity and serialization rows on a real devnet	Run the generic rows as a packaged app without a dev shell	2026-09-12T10:04:31.2468282Z [36;1m# 3. exactly the thirteen rows plus the session CL01, no extras[0m
Generic, canonical-identity and serialization rows on a real devnet	Run the generic rows as a packaged app without a dev shell	2026-09-12T10:04:31.2469302Z [36;1mprintf '%s\n' CG02 CG03 CG04 CG05 CG07 CG09 CG10 CG11 CG12 CG13 CG17 CG19 CG20 CL01 | sort > /tmp/expected-rows.txt[0m
Generic, canonical-identity and serialization rows on a real devnet	Run the generic rows as a packaged app without a dev shell	2026-09-12T10:04:31.2470536Z [36;1mnix run --quiet nixpkgs#jq -- -r '.row' ./conformance-receipts/receipt-*.json | sort > /tmp/receipt-rows.txt[0m
Generic, canonical-identity and serialization rows on a real devnet	Run the generic rows as a packaged app without a dev shell	2026-09-12T10:04:31.2471836Z [36;1mdiff /tmp/expected-rows.txt /tmp/receipt-rows.txt || { echo 'FAIL: receipt set mismatch (missing or extra row)'; exit 1; }[0m
Generic, canonical-identity and serialization rows on a real devnet	Run the generic rows as a packaged app without a dev shell	2026-09-12T10:04:31.2472916Z [36;1m# 4. exactly the expected verdict per receipt, EVERY receipt[0m
Generic, canonical-identity and serialization rows on a real devnet	Run the generic rows as a packaged app without a dev shell	2026-09-12T10:04:31.2473599Z [36;1m#    bound to this candidate on a clean tree (dirty:false)[0m
Generic, canonical-identity and serialization rows on a real devnet	Run the generic rows as a packaged app without a dev shell	2026-09-12T10:04:31.2474169Z [36;1mexpect_verdict() {[0m
Generic, canonical-identity and serialization rows on a real devnet	Run the generic rows as a packaged app without a dev shell	2026-09-12T10:04:31.2474583Z [36;1m  case "$1" in[0m
Generic, canonical-identity and serialization rows on a real devnet	Run the generic rows as a packaged app without a dev shell	2026-09-12T10:04:31.2475171Z [36;1m    CG02|CG03|CG04|CG05|CG07|CG09|CG10|CG17|CG20|CL01) printf 'agrees-with-model' ;;[0m
Generic, canonical-identity and serialization rows on a real devnet	Run the generic rows as a packaged app without a dev shell	2026-09-12T10:04:31.2475896Z [36;1m    CG11|CG12|CG19) printf 'held-q002' ;;[0m
Generic, canonical-identity and serialization rows on a real devnet	Run the generic rows as a packaged app without a dev shell	2026-09-12T10:04:31.2476420Z [36;1m    CG13) printf 'resolved-by-ruling' ;;[0m
Generic, canonical-identity and serialization rows on a real devnet	Run the generic rows as a packaged app without a dev shell	2026-09-12T10:04:31.2476913Z [36;1m    *) printf 'UNKNOWN-ROW' ;;[0m
Generic, canonical-identity and serialization rows on a real devnet	Run the generic rows as a packaged app without a dev shell	2026-09-12T10:04:31.2477338Z [36;1m  esac[0m
Generic, canonical-identity and serialization rows on a real devnet	Run the generic rows as a packaged app without a dev shell	2026-09-12T10:04:31.2477621Z [36;1m}[0m
Generic, canonical-identity and serialization rows on a real devnet	Run the generic rows as a packaged app without a dev shell	2026-09-12T10:04:31.2478206Z [36;1mfor row in CG02 CG03 CG04 CG05 CG07 CG09 CG10 CG11 CG12 CG13 CG17 CG19 CG20 CL01; do[0m
Generic, canonical-identity and serialization rows on a real devnet	Run the generic rows as a packaged app without a dev shell	2026-09-12T10:04:31.2479212Z [36;1m  f="./conformance-receipts/receipt-$row.json"[0m
Generic, canonical-identity and serialization rows on a real devnet	Run the generic rows as a packaged app without a dev shell	2026-09-12T10:04:31.2479886Z [36;1m  test -f "$f" || { echo "FAIL: missing receipt for $row"; exit 1; }[0m
Generic, canonical-identity and serialization rows on a real devnet	Run the generic rows as a packaged app without a dev shell	2026-09-12T10:04:31.2480560Z [36;1m  v="$(nix run --quiet nixpkgs#jq -- -r '.verdict' "$f")"[0m
Generic, canonical-identity and serialization rows on a real devnet	Run the generic rows as a packaged app without a dev shell	2026-09-12T10:04:31.2481362Z [36;1m  want="$(expect_verdict "$row")"[0m
Generic, canonical-identity and serialization rows on a real devnet	Run the generic rows as a packaged app without a dev shell	2026-09-12T10:04:31.2482162Z [36;1m  [ "$v" = "$want" ] || { echo "FAIL: unexpected verdict for $row: got '$v', expected '$want'"; exit 1; }[0m
Generic, canonical-identity and serialization rows on a real devnet	Run the generic rows as a packaged app without a dev shell	2026-09-12T10:04:31.2483399Z [36;1m  [ "$(nix run --quiet nixpkgs#jq -- -r '.dirty' "$f")" = "false" ] || { echo "FAIL: $row receipt records a dirty tree"; exit 1; }[0m
Generic, canonical-identity and serialization rows on a real devnet	Run the generic rows as a packaged app without a dev shell	2026-09-12T10:04:31.2484849Z [36;1m  [ "$(nix run --quiet nixpkgs#jq -- -r '.base' "$f")" = "$head_sha" ] || { echo "FAIL: $row receipt is not bound to this candidate ($head_sha)"; exit 1; }[0m
Generic, canonical-identity and serialization rows on a real devnet	Run the generic rows as a packaged app without a dev shell	2026-09-12T10:04:31.2485849Z [36;1mdone[0m
Generic, canonical-identity and serialization rows on a real devnet	Run the generic rows as a packaged app without a dev shell	2026-09-12T10:04:31.2486337Z [36;1m# 5. CL01 carries the session's measurement evidence: nonzero[0m
Generic, canonical-identity and serialization rows on a real devnet	Run the generic rows as a packaged app without a dev shell	2026-09-12T10:04:31.2487111Z [36;1m#    units and size, folds named — refuse missing or divergent[0m
Generic, canonical-identity and serialization rows on a real devnet	Run the generic rows as a packaged app without a dev shell	2026-09-12T10:04:31.2488872Z [36;1mnix run --quiet nixpkgs#jq -- -e '.mem > 0 and .cpu > 0 and .txSize > 0 and (.transactions | length > 0)' ./conformance-receipts/receipt-CL01.json > /dev/null || { echo 'FAIL: CL01 measurement evidence missing or divergent'; exit 1; }[0m
Generic, canonical-identity and serialization rows on a real devnet	Run the generic rows as a packaged app without a dev shell	2026-09-12T10:04:31.2490596Z [36;1m# 6. the run's own accounting must name exactly the expected[0m
Generic, canonical-identity and serialization rows on a real devnet	Run the generic rows as a packaged app without a dev shell	2026-09-12T10:04:31.2491328Z [36;1m#    held set, with nothing failing against this candidate[0m
Generic, canonical-identity and serialization rows on a real devnet	Run the generic rows as a packaged app without a dev shell	2026-09-12T10:04:31.2492085Z [36;1mheld="$(sed -n 's/^- Held .*held-q002): //p' /tmp/generic-rows.log)"[0m
Generic, canonical-identity and serialization rows on a real devnet	Run the generic rows as a packaged app without a dev shell	2026-09-12T10:04:31.2493074Z [36;1m[ "$held" = "CG11 CG12 CG19" ] || { echo "FAIL: held set moved: got '$held', expected 'CG11 CG12 CG19'"; exit 1; }[0m
Generic, canonical-identity and serialization rows on a real devnet	Run the generic rows as a packaged app without a dev shell	2026-09-12T10:04:31.2493967Z [36;1m# nothing may fail against this candidate[0m
Generic, canonical-identity and serialization rows on a real devnet	Run the generic rows as a packaged app without a dev shell	2026-09-12T10:04:31.2494678Z [36;1mfailing="$(sed -n 's/^- Failing .*accepted): //p' /tmp/generic-rows.log)"[0m
Generic, canonical-identity and serialization rows on a real devnet	Run the generic rows as a packaged app without a dev shell	2026-09-12T10:04:31.2495679Z [36;1m[ "$failing" = "none" ] || { echo "FAIL: rows failing against this candidate: $failing"; exit 1; }[0m
Generic, canonical-identity and serialization rows on a real devnet	Run the generic rows as a packaged app without a dev shell	2026-09-12T10:04:31.2497466Z [36;1mecho 'GREEN = expected-debt assertion held: 13 rows executed on a clean candidate-bound tree, verdicts and CL01 measurement evidence as declared, held debt exactly CG11 CG12 CG19, nothing failing.'[0m
Generic, canonical-identity and serialization rows on a real devnet	Run the generic rows as a packaged app without a dev shell	2026-09-12T10:04:31.2502571Z [36;1mecho 'A GREEN STEP IS NOT A FULFILLED CONSUMER PROMISE: R5_plugin_pinned, R8_empty_fold_refused and R11_contribute_value stay unmet (upstream #100/#101); strict completion and release stay RED on that debt.'[0m
Generic, canonical-identity and serialization rows on a real devnet	Run the generic rows as a packaged app without a dev shell	2026-09-12T10:04:31.2506441Z shell: /nix/store/x12lw455sq6qy2wcya85d7rb88ybc3df-bash-interactive-5.3p9/bin/bash -e {0}
Generic, canonical-identity and serialization rows on a real devnet	Run the generic rows as a packaged app without a dev shell	2026-09-12T10:04:31.2507216Z env:
Generic, canonical-identity and serialization rows on a real devnet	Run the generic rows as a packaged app without a dev shell	2026-09-12T10:04:31.2507754Z   XDG_CACHE_HOME: /srv/ci-work/runner-7/work/_temp/nix-cache-34687362374-1-conformance
Generic, canonical-identity and serialization rows on a real devnet	Run the generic rows as a packaged app without a dev shell	2026-09-12T10:04:31.2509164Z   NIX_USER_CONF_FILES: /srv/ci-work/runner-7/work/_temp/cachixpYjY5F/nix.conf:/srv/ci-work/runner-7/work/.config/nix/nix.conf:/etc/xdg/nix/nix.conf
Generic, canonical-identity and serialization rows on a real devnet	Run the generic rows as a packaged app without a dev shell	2026-09-12T10:04:31.2510401Z   CACHIX_DAEMON_DIR: /srv/ci-work/runner-7/work/_temp/cachixpYjY5F
Generic, canonical-identity and serialization rows on a real devnet	Run the generic rows as a packaged app without a dev shell	2026-09-12T10:04:31.2510986Z ##[endgroup]
Generic, canonical-identity and serialization rows on a real devnet	Run the generic rows as a packaged app without a dev shell	2026-09-12T10:04:33.4256712Z control: Normal
Generic, canonical-identity and serialization rows on a real devnet	Run the generic rows as a packaged app without a dev shell	2026-09-12T10:04:33.4278488Z base: a85fea546985344633be46d3578237262ad7f08b
Generic, canonical-identity and serialization rows on a real devnet	Run the generic rows as a packaged app without a dev shell	2026-09-12T10:04:33.4358919Z tree: clean
Generic, canonical-identity and serialization rows on a real devnet	Run the generic rows as a packaged app without a dev shell	2026-09-12T10:04:33.4543820Z node: cardano-node 10.7.0 - linux-x86_64 - ghc-9.6
Generic, canonical-identity and serialization rows on a real devnet	Run the generic rows as a packaged app without a dev shell	2026-09-12T10:04:33.4545289Z tmpdir: /tmp/conformance-3148052-1789207473454
Generic, canonical-identity and serialization rows on a real devnet	Run the generic rows as a packaged app without a dev shell	2026-09-12T10:04:46.4752352Z boot: cage booted bootTx=0551fc9a1c18315b042096e05f68ec681e572bf331e09a6108248c86b34f4d6d
Generic, canonical-identity and serialization rows on a real devnet	Run the generic rows as a packaged app without a dev shell	2026-09-12T10:04:46.4753965Z setup: key absent; inserting v1 as setup
Generic, canonical-identity and serialization rows on a real devnet	Run the generic rows as a packaged app without a dev shell	2026-09-12T10:04:52.5191544Z calibration: CG02-setup: hand model matches the library fold
Generic, canonical-identity and serialization rows on a real devnet	Run the generic rows as a packaged app without a dev shell	2026-09-12T10:04:57.8350291Z measure: CG02-setup fold mem=616554/140000000 (0.4403957142857143%, headroom 139383446) cpu=200156393/10000000000 (2.0015639299999997%, headroom 9799843607) size=11451/16384 (69.891357421875%, headroom 4933)
Generic, canonical-identity and serialization rows on a real devnet	Run the generic rows as a packaged app without a dev shell	2026-09-12T10:04:57.8396295Z verify-present: proved present key=cg-row-key value=cg-value-one root=0xfe9ad8f3006654a4d42d8965424cef409ca9a6dc087cc66043e15c11ef5b6ab1
Generic, canonical-identity and serialization rows on a real devnet	Run the generic rows as a packaged app without a dev shell	2026-09-12T10:04:57.8398361Z verify-false-claim: rejected false claim key=cg-row-key claimed value=forged-value: proof implies root 0x169a06e7a87ddafd1528c76b98a295c4979e8fa6a6f5657bc53a250d80d6cfe7 which differs from the chain read root 0xfe9ad8f3006654a4d42d8965424cef409ca9a6dc087cc66043e15c11ef5b6ab1
Generic, canonical-identity and serialization rows on a real devnet	Run the generic rows as a packaged app without a dev shell	2026-09-12T10:05:03.9493160Z calibration: CG02: hand model matches the library fold
Generic, canonical-identity and serialization rows on a real devnet	Run the generic rows as a packaged app without a dev shell	2026-09-12T10:05:09.2152108Z measure: CG02 fold mem=628956/140000000 (0.4492542857142857%, headroom 139371044) cpu=204079436/10000000000 (2.04079436%, headroom 9795920564) size=11451/16384 (69.891357421875%, headroom 4933)
Generic, canonical-identity and serialization rows on a real devnet	Run the generic rows as a packaged app without a dev shell	2026-09-12T10:05:09.2166325Z verify-present: proved present key=cg-row-key value=cg-value-two root=0x379b0eb17b4c8be2368361831b099cc043069d86924cec131fa71b2794baead7
Generic, canonical-identity and serialization rows on a real devnet	Run the generic rows as a packaged app without a dev shell	2026-09-12T10:05:09.2169939Z verify-false-claim: rejected false claim key=cg-row-key claimed value=forged-value: proof implies root 0x169a06e7a87ddafd1528c76b98a295c4979e8fa6a6f5657bc53a250d80d6cfe7 which differs from the chain read root 0x379b0eb17b4c8be2368361831b099cc043069d86924cec131fa71b2794baead7
Generic, canonical-identity and serialization rows on a real devnet	Run the generic rows as a packaged app without a dev shell	2026-09-12T10:05:09.2171663Z row: CG02: ACCEPTED update v1->v2, v2 reads back from chain
Generic, canonical-identity and serialization rows on a real devnet	Run the generic rows as a packaged app without a dev shell	2026-09-12T10:05:15.1409929Z calibration: CG03: hand model matches the library fold
Generic, canonical-identity and serialization rows on a real devnet	Run the generic rows as a packaged app without a dev shell	2026-09-12T10:05:20.3923613Z measure: CG03 fold mem=638564/140000000 (0.45611714285714283%, headroom 139361436) cpu=213717823/10000000000 (2.13717823%, headroom 9786282177) size=11451/16384 (69.891357421875%, headroom 4933)
Generic, canonical-identity and serialization rows on a real devnet	Run the generic rows as a packaged app without a dev shell	2026-09-12T10:05:20.3941975Z verify-absent: proved absent key=cg-row-key root=0x0000000000000000000000000000000000000000000000000000000000000000
Generic, canonical-identity and serialization rows on a real devnet	Run the generic rows as a packaged app without a dev shell	2026-09-12T10:05:20.3945357Z verify-false-claim: rejected false claim key=cg-row-key claimed value=cg-value-two: proof implies root 0x379b0eb17b4c8be2368361831b099cc043069d86924cec131fa71b2794baead7 which differs from the chain read root 0x0000000000000000000000000000000000000000000000000000000000000000
Generic, canonical-identity and serialization rows on a real devnet	Run the generic rows as a packaged app without a dev shell	2026-09-12T10:05:20.3948780Z row: CG03: ACCEPTED delete, key absent on chain
Generic, canonical-identity and serialization rows on a real devnet	Run the generic rows as a packaged app without a dev shell	2026-09-12T10:05:26.2773997Z calibration: CG04: hand model matches the library fold
Generic, canonical-identity and serialization rows on a real devnet	Run the generic rows as a packaged app without a dev shell	2026-09-12T10:05:31.5102190Z measure: CG04 fold mem=616554/140000000 (0.4403957142857143%, headroom 139383446) cpu=200156393/10000000000 (2.0015639299999997%, headroom 9799843607) size=11451/16384 (69.891357421875%, headroom 4933)
Generic, canonical-identity and serialization rows on a real devnet	Run the generic rows as a packaged app without a dev shell	2026-09-12T10:05:31.5114081Z verify-present: proved present key=cg-row-key value=cg-value-three root=0x75d5a5a6f074a832f51dd3652243182c8a767e0f35742e63d8220983b4180958
Generic, canonical-identity and serialization rows on a real devnet	Run the generic rows as a packaged app without a dev shell	2026-09-12T10:05:31.5117757Z verify-false-claim: rejected false claim key=cg-row-key claimed value=forged-value: proof implies root 0x169a06e7a87ddafd1528c76b98a295c4979e8fa6a6f5657bc53a250d80d6cfe7 which differs from the chain read root 0x75d5a5a6f074a832f51dd3652243182c8a767e0f35742e63d8220983b4180958
Generic, canonical-identity and serialization rows on a real devnet	Run the generic rows as a packaged app without a dev shell	2026-09-12T10:05:31.5121062Z row: CG04: ACCEPTED re-Insert, v3 reads back from chain
Generic, canonical-identity and serialization rows on a real devnet	Run the generic rows as a packaged app without a dev shell	2026-09-12T10:05:36.6462177Z row: CG05: occupied insert requested; folding must refuse
Generic, canonical-identity and serialization rows on a real devnet	Run the generic rows as a packaged app without a dev shell	2026-09-12T10:05:36.9939312Z eval-observation: scriptHash=ce7615f6ba4de80dfa9b9c6aef680666472ba4ed7e640ff55aad7c6e | cek=An error has occurred:\nThe machine terminated because of an error, either from a built-in function or from an explicit use of 'error'.\nCaused by: error
Generic, canonical-identity and serialization rows on a real devnet	Run the generic rows as a packaged app without a dev shell	2026-09-12T10:05:37.3360093Z row: CG05: REFUSED at submit, attributed to state (phase-2, marker 0xce7615f6ba4d)
Generic, canonical-identity and serialization rows on a real devnet	Run the generic rows as a packaged app without a dev shell	2026-09-12T10:05:53.2751238Z verify-present: proved present key=cg-control-key value=cg-control-value root=0x835a24bc09a2c6c51bce28b9b2787fba343d8ad5598e66c9730b388d142ae165
Generic, canonical-identity and serialization rows on a real devnet	Run the generic rows as a packaged app without a dev shell	2026-09-12T10:05:53.2755067Z verify-false-claim: rejected false claim key=cg-control-key claimed value=forged-value: proof implies root 0x8a982981e9433102a74b33c7a5e824b00e317bf371f15c41f73127bc27ec365c which differs from the chain read root 0x835a24bc09a2c6c51bce28b9b2787fba343d8ad5598e66c9730b388d142ae165
Generic, canonical-identity and serialization rows on a real devnet	Run the generic rows as a packaged app without a dev shell	2026-09-12T10:05:53.2758970Z control: CG05 control: fresh cage accepted a valid insert — the refusal discriminates
Generic, canonical-identity and serialization rows on a real devnet	Run the generic rows as a packaged app without a dev shell	2026-09-12T10:05:58.5177020Z cage: cg07 booted bootTx=3be08ee07c435e93e1b1fb13b61c284cba274bdfb0814663b6c5f201574ae2a8 processMs=30000 retractMs=60000
Generic, canonical-identity and serialization rows on a real devnet	Run the generic rows as a packaged app without a dev shell	2026-09-12T10:06:03.7969505Z units: no measured fold in this cage; declaring 1% mem / 5% cpu of the maxima
Generic, canonical-identity and serialization rows on a real devnet	Run the generic rows as a packaged app without a dev shell	2026-09-12T10:06:08.9631146Z row: CG07: retract with validity inside phase 1 submitted; the request script must refuse (R9_retract_needs_phase2)
Generic, canonical-identity and serialization rows on a real devnet	Run the generic rows as a packaged app without a dev shell	2026-09-12T10:06:08.9727576Z row: CG07: REFUSED at submit, attributed to request (phase-2, marker 0xf46d4767b38d)
Generic, canonical-identity and serialization rows on a real devnet	Run the generic rows as a packaged app without a dev shell	2026-09-12T10:06:08.9729048Z wait: 20177 ms to the next phase boundary
Generic, canonical-identity and serialization rows on a real devnet	Run the generic rows as a packaged app without a dev shell	2026-09-12T10:06:34.1846873Z control: CG07 control: the same retract, validity in phase 2, is accepted — the refusal discriminates
Generic, canonical-identity and serialization rows on a real devnet	Run the generic rows as a packaged app without a dev shell	2026-09-12T10:06:39.4396859Z cage: cg09 booted bootTx=f260e336140e6d455ae04f3bda5b11b856ca7c9f712e8aad3db489a337b19b29 processMs=30000 retractMs=5000
Generic, canonical-identity and serialization rows on a real devnet	Run the generic rows as a packaged app without a dev shell	2026-09-12T10:06:49.8607541Z row: CG09: Rejected action while the request is still inside its process window; the state script must refuse (R9_reject_needs_rejectable)
Generic, canonical-identity and serialization rows on a real devnet	Run the generic rows as a packaged app without a dev shell	2026-09-12T10:06:49.8711348Z row: CG09: REFUSED at submit, attributed to state (phase-2, marker 0xce7615f6ba4d)
Generic, canonical-identity and serialization rows on a real devnet	Run the generic rows as a packaged app without a dev shell	2026-09-12T10:06:49.8712010Z wait: 25200 ms to the next phase boundary
Generic, canonical-identity and serialization rows on a real devnet	Run the generic rows as a packaged app without a dev shell	2026-09-12T10:07:20.6860983Z control: CG09 control: the same request rejected in phase 3 is accepted — the refusal discriminates
Generic, canonical-identity and serialization rows on a real devnet	Run the generic rows as a packaged app without a dev shell	2026-09-12T10:07:25.9375179Z cage: cg-main booted bootTx=b51be5c2d44e4a4885a54442c2e025268fe4a0a76925c85c000bcb51d7c237ac processMs=30000 retractMs=30000
Generic, canonical-identity and serialization rows on a real devnet	Run the generic rows as a packaged app without a dev shell	2026-09-12T10:07:31.9222669Z calibration: CG10: hand model matches the library fold
Generic, canonical-identity and serialization rows on a real devnet	Run the generic rows as a packaged app without a dev shell	2026-09-12T10:07:37.1827528Z measure: CG10 fold mem=636760/140000000 (0.4548285714285714%, headroom 139363240) cpu=213173059/10000000000 (2.13173059%, headroom 9786826941) size=11451/16384 (69.891357421875%, headroom 4933)
Generic, canonical-identity and serialization rows on a real devnet	Run the generic rows as a packaged app without a dev shell	2026-09-12T10:07:47.5896517Z row: CG10: fold carrying proof steps captured against the superseded root submitted; the state script must refuse (R7_stale_fold_refused)
Generic, canonical-identity and serialization rows on a real devnet	Run the generic rows as a packaged app without a dev shell	2026-09-12T10:07:47.6040633Z row: CG10: REFUSED at submit, attributed to state (phase-2, marker 0xce7615f6ba4d)
Generic, canonical-identity and serialization rows on a real devnet	Run the generic rows as a packaged app without a dev shell	2026-09-12T10:07:48.3783058Z calibration: CG10 control: hand model matches the library fold
Generic, canonical-identity and serialization rows on a real devnet	Run the generic rows as a packaged app without a dev shell	2026-09-12T10:07:53.6293734Z measure: CG10-control fold mem=731904/140000000 (0.5227885714285715%, headroom 139268096) cpu=240302885/10000000000 (2.40302885%, headroom 9759697115) size=11477/16384 (70.050048828125%, headroom 4907)
Generic, canonical-identity and serialization rows on a real devnet	Run the generic rows as a packaged app without a dev shell	2026-09-12T10:07:53.6300449Z control: CG10 control: the same request folded against the live root is accepted — the refusal is the staleness, not the shape
Generic, canonical-identity and serialization rows on a real devnet	Run the generic rows as a packaged app without a dev shell	2026-09-12T10:08:04.2870348Z measure: CG11-empty-fold fold mem=273449/140000000 (0.1953207142857143%, headroom 139726551) cpu=87149465/10000000000 (0.8714946499999999%, headroom 9912850535) size=8388/16384 (51.1962890625%, headroom 7996)
Generic, canonical-identity and serialization rows on a real devnet	Run the generic rows as a packaged app without a dev shell	2026-09-12T10:08:04.2874719Z held: CG11 HELD FOR Q-002 (story 2): Singular's Lean PERMITS the empty fold — foldItems [] = ok (Model.lean 188-189) — so the acceptance agrees with Singular's model; the consumer's theorem says R8_empty_fold_refused — the empty batch must be refused (consumer-side; upstream cardano-mpfs-onchain#100 is the partition fix); which model is the behavioral authority is the user's ruling, not ours — the run cannot exit 0 while this row is held
Generic, canonical-identity and serialization rows on a real devnet	Run the generic rows as a packaged app without a dev shell	2026-09-12T10:08:14.7089769Z row: CG11: the chain ACCEPTED an empty fold (tx=5250cbe9d229508f7fdeeeaae83d976e0b61f8b3cb4597e202bf5ca0a12bf9dd) — recorded, held pending Q-002, never read as a pass
Generic, canonical-identity and serialization rows on a real devnet	Run the generic rows as a packaged app without a dev shell	2026-09-12T10:08:14.7091938Z row: CG11 control: empty actions over a live request must be refused
Generic, canonical-identity and serialization rows on a real devnet	Run the generic rows as a packaged app without a dev shell	2026-09-12T10:08:14.7161533Z control: CG11 control: REFUSED at submit, attributed to state (phase-2, marker 0xce7615f6ba4d) — run-log evidence only; the row's receipt is not overwritten (A-002)
Generic, canonical-identity and serialization rows on a real devnet	Run the generic rows as a packaged app without a dev shell	2026-09-12T10:08:14.7164820Z control: CG11 control: with a request waiting, empty actions are refused — the acceptance is specific to the empty fold
Generic, canonical-identity and serialization rows on a real devnet	Run the generic rows as a packaged app without a dev shell	2026-09-12T10:08:30.4104852Z measure: CG12-surplus fold mem=884862/140000000 (0.6320442857142857%, headroom 139115138) cpu=282795627/10000000000 (2.82795627%, headroom 9717204373) size=11555/16384 (70.526123046875%, headroom 4829)
Generic, canonical-identity and serialization rows on a real devnet	Run the generic rows as a packaged app without a dev shell	2026-09-12T10:08:30.4126275Z held: CG12 HELD FOR Q-002 (story 2): Singular's Lean pairs each request with its action 1:1 in its FoldItem and has no action tail that could be surplus (Model.lean, FoldItem/foldItems) — the model constrains nothing here; the consumer's theorem says one action per request, no surplus — the consumer audit's finding (upstream cardano-mpfs-onchain#100 is the partition fix); which model is the behavioral authority is the user's ruling, not ours — the run cannot exit 0 while this row is held
Generic, canonical-identity and serialization rows on a real devnet	Run the generic rows as a packaged app without a dev shell	2026-09-12T10:08:30.4136304Z row: CG12: the chain ACCEPTED a fold with a surplus action (one request, two actions, the second garbage; tx=c63b97cb9764d916e451e8dec4b71f20f80517a0b00f04f48179d622ac8e9c09) — recorded, held pending Q-002, never read as a pass
Generic, canonical-identity and serialization rows on a real devnet	Run the generic rows as a packaged app without a dev shell	2026-09-12T10:08:45.9725975Z row: CG12 control: two requests, one action — the deficit must be refused
Generic, canonical-identity and serialization rows on a real devnet	Run the generic rows as a packaged app without a dev shell	2026-09-12T10:08:45.9836633Z control: CG12 control: REFUSED at submit, attributed to state (phase-2, marker 0xce7615f6ba4d) — run-log evidence only; the row's receipt is not overwritten (A-002)
Generic, canonical-identity and serialization rows on a real devnet	Run the generic rows as a packaged app without a dev shell	2026-09-12T10:08:45.9838870Z control: CG12 control: the deficit is refused while the surplus was accepted — the asymmetry is exactly the audit's
Generic, canonical-identity and serialization rows on a real devnet	Run the generic rows as a packaged app without a dev shell	2026-09-12T10:08:51.3070798Z cage: cg13 booted bootTx=375bee490efdf638494790554b7468bc933c674b8ca81a5e5c4e3d38cae33a05 processMs=30000 retractMs=30000
Generic, canonical-identity and serialization rows on a real devnet	Run the generic rows as a packaged app without a dev shell	2026-09-12T10:09:01.6514396Z units: no measured fold in this cage; declaring 1% mem / 5% cpu of the maxima
Generic, canonical-identity and serialization rows on a real devnet	Run the generic rows as a packaged app without a dev shell	2026-09-12T10:09:07.1318909Z measure: CG13-transfer fold mem=628372/140000000 (0.4488371428571429%, headroom 139371628) cpu=207905393/10000000000 (2.07905393%, headroom 9792094607) size=11403/16384 (69.598388671875%, headroom 4981)
Generic, canonical-identity and serialization rows on a real devnet	Run the generic rows as a packaged app without a dev shell	2026-09-12T10:09:07.1328205Z row: CG13: the chain ACCEPTED a Modify that changed the state owner to 0xabababababababababababababababababababababababababababab (signed by the previous owner; tx=08b1b76cbf6be6572f30dfcbd0857e00c20ab35ee5c5a6443c7df7bb9581c8bd) — resolved-by-ruling: retained as defect evidence of the outstanding owner gate (epic 17), never a pass and never an owner-semantics claim
Generic, canonical-identity and serialization rows on a real devnet	Run the generic rows as a packaged app without a dev shell	2026-09-12T10:09:12.3817059Z cage: cg17 booted bootTx=ab1c15c541b7b4088689bcbb3985546169b8db91ddff16a1c3c3f90603d212c8 processMs=30000 retractMs=30000
Generic, canonical-identity and serialization rows on a real devnet	Run the generic rows as a packaged app without a dev shell	2026-09-12T10:09:27.9140360Z row: CG17 [SUPERSEDED observation, claim withdrawn — the registry has no owner role]: sweep declaring a non-owner required signer submitted; recorded as defect evidence of the outstanding owner gate in the request validator
Generic, canonical-identity and serialization rows on a real devnet	Run the generic rows as a packaged app without a dev shell	2026-09-12T10:09:27.9253608Z row: CG17: REFUSED at submit, attributed to request (phase-2, marker 0x48a313af8f51)
Generic, canonical-identity and serialization rows on a real devnet	Run the generic rows as a packaged app without a dev shell	2026-09-12T10:09:32.9331796Z control: CG17 control: the same sweep signed as the owner is accepted — the refusal discriminates
Generic, canonical-identity and serialization rows on a real devnet	Run the generic rows as a packaged app without a dev shell	2026-09-12T10:09:38.2005912Z cage: cg19 booted bootTx=41921ed876519bf40e022f9d23120c086e7d4425e97a98c3d5f43599f6725fd3 processMs=30000 retractMs=30000
Generic, canonical-identity and serialization rows on a real devnet	Run the generic rows as a packaged app without a dev shell	2026-09-12T10:09:53.6753854Z units: no measured fold in this cage; declaring 1% mem / 5% cpu of the maxima
Generic, canonical-identity and serialization rows on a real devnet	Run the generic rows as a packaged app without a dev shell	2026-09-12T10:09:59.1033517Z measure: CG19-crossed fold mem=1102927/140000000 (0.787805%, headroom 138897073) cpu=363996836/10000000000 (3.63996836%, headroom 9636003164) size=11613/16384 (70.880126953125%, headroom 4771)
Generic, canonical-identity and serialization rows on a real devnet	Run the generic rows as a packaged app without a dev shell	2026-09-12T10:09:59.1049276Z held: CG19 HELD FOR Q-002 (story 2): Singular's Lean's fold action carries no refund routing at all (Model.lean, Action.fold) — the model constrains nothing here; the consumer's theorem says R11 — each processed request's exact bond to its owner, tip to the folder (upstream cardano-mpfs-onchain#101 is the partition fix); which model is the behavioral authority is the user's ruling, not ours — the run cannot exit 0 while this row is held
Generic, canonical-identity and serialization rows on a real devnet	Run the generic rows as a packaged app without a dev shell	2026-09-12T10:09:59.1056740Z row: CG19: the chain ACCEPTED crossed refunds (bonds 5 ada and 3 ada refunded 4000000 and 2000000 lovelace, aggregate 6000000 = the validator's ceiling; tx=6173485af39627b917828b1214cd70dbfd8c4414fc1336193b6f3374c7ecbf2e) — the aggregate range held while neither request's bond reached its owner and no output names the folder; recorded, held pending Q-002, never read as a pass
Generic, canonical-identity and serialization rows on a real devnet	Run the generic rows as a packaged app without a dev shell	2026-09-12T10:10:14.7727733Z row: CG19 control: refunds totalling 4473137 lovelace, below the aggregate floor — must be refused
Generic, canonical-identity and serialization rows on a real devnet	Run the generic rows as a packaged app without a dev shell	2026-09-12T10:10:14.7882106Z control: CG19 control: REFUSED at submit, attributed to state (phase-2, marker 0xce7615f6ba4d) — run-log evidence only; the row's receipt is not overwritten (A-002)
Generic, canonical-identity and serialization rows on a real devnet	Run the generic rows as a packaged app without a dev shell	2026-09-12T10:10:14.7883920Z control: CG19 control: the aggregate floor refused the shortfall — the range is real, and it is still not the requirement
Generic, canonical-identity and serialization rows on a real devnet	Run the generic rows as a packaged app without a dev shell	2026-09-12T10:10:20.0217552Z cage: cg20 booted bootTx=ce17d71ae61cec2e36d9b0489258759195f5143d9750accb7484594ad81069ba processMs=30000 retractMs=30000
Generic, canonical-identity and serialization rows on a real devnet	Run the generic rows as a packaged app without a dev shell	2026-09-12T10:10:20.1555176Z units: no measured fold in this cage; declaring 1% mem / 5% cpu of the maxima
Generic, canonical-identity and serialization rows on a real devnet	Run the generic rows as a packaged app without a dev shell	2026-09-12T10:10:25.9801522Z calibration: CG20 control: hand model matches the library fold
Generic, canonical-identity and serialization rows on a real devnet	Run the generic rows as a packaged app without a dev shell	2026-09-12T10:10:30.9897979Z control: CG20 control: the same fold WITH the owner signer is accepted
Generic, canonical-identity and serialization rows on a real devnet	Run the generic rows as a packaged app without a dev shell	2026-09-12T10:10:41.3796562Z row: CG20: the same fold minus only the owner required signer submitted — Lean and the protocol spec require acceptance
Generic, canonical-identity and serialization rows on a real devnet	Run the generic rows as a packaged app without a dev shell	2026-09-12T10:10:41.4856252Z row: CG20: the chain ACCEPTED the permissionless fold — an observation of the repaired candidate, not a confirmation
Generic, canonical-identity and serialization rows on a real devnet	Run the generic rows as a packaged app without a dev shell	2026-09-12T10:10:41.4868151Z complete: 13/13 rows ok
Generic, canonical-identity and serialization rows on a real devnet	Run the generic rows as a packaged app without a dev shell	2026-09-12T10:10:41.4946290Z === Node log (last 50) ===
Generic, canonical-identity and serialization rows on a real devnet	Run the generic rows as a packaged app without a dev shell	2026-09-12T10:10:41.4947610Z [2026-09-12 10:10:41.1009Z][development-epyc:Forge.Loop.StartLeadershipCheck](Info,45) Checking for leadership in slot 3631
Generic, canonical-identity and serialization rows on a real devnet	Run the generic rows as a packaged app without a dev shell	2026-09-12T10:10:41.4950051Z [2026-09-12 10:10:41.1010Z][development-epyc:Forge.Stats.ForgingStats](Info,45) Node cannot forge 0 node is leader 3631 blocks forged 3631 slots missed 0
Generic, canonical-identity and serialization rows on a real devnet	Run the generic rows as a packaged app without a dev shell	2026-09-12T10:10:41.4952789Z [2026-09-12 10:10:41.1012Z][development-epyc:Forge.StateInfo.StateInfo](Info,45) With label "Cardano", KES info startPeriod  0 currPeriod 0 endPeriod 60, 60 KES periods until expiry.
Generic, canonical-identity and serialization rows on a real devnet	Run the generic rows as a packaged app without a dev shell	2026-09-12T10:10:41.4955602Z [2026-09-12 10:10:41.1017Z][development-epyc:Forge.Loop.NodeIsLeader](Info,45) Leading slot 3631
Generic, canonical-identity and serialization rows on a real devnet	Run the generic rows as a packaged app without a dev shell	2026-09-12T10:10:41.4957524Z [2026-09-12 10:10:41.1021Z][development-epyc:Forge.Loop.ForgedBlock](Info,45) Forged block in slot 3631
Generic, canonical-identity and serialization rows on a real devnet	Run the generic rows as a packaged app without a dev shell	2026-09-12T10:10:41.4960285Z [2026-09-12 10:10:41.1047Z][development-epyc:ChainDB.AddBlockEvent.AddBlockValidation.ValidCandidate](Info,19) Valid candidate 751c812fe95972db73712800ae1b74e243f6769ad04b1c3c10c5995f3541e6bf at slot 3631
Generic, canonical-identity and serialization rows on a real devnet	Run the generic rows as a packaged app without a dev shell	2026-09-12T10:10:41.4962576Z [2026-09-12 10:10:41.1054Z][development-epyc:Forge.Loop.AdoptedBlock](Info,45) Adopted block forged in slot 3631: 751c812fe95972db73712800ae1b74e243f6769ad04b1c3c10c5995f3541e6bf
Generic, canonical-identity and serialization rows on a real devnet	Run the generic rows as a packaged app without a dev shell	2026-09-12T10:10:41.4965422Z [2026-09-12 10:10:41.1457Z][development-epyc:StateQueryServer.Receive.Acquire](Info,74) Peer is: (ConnectionId {localAddress = LocalAddress "/tmp/conformance-3148052-1789207473454/cardano-e2e/node.sock", remoteAddress = LocalAddress "/tmp/conformance-3148052-1789207473454/cardano-e2e/node.sock@1"}). Receive: 
Generic, canonical-identity and serialization rows on a real devnet	Run the generic rows as a packaged app without a dev shell	2026-09-12T10:10:41.4969296Z [2026-09-12 10:10:41.1467Z][development-epyc:StateQueryServer.Receive.Query](Info,74) Peer is: (ConnectionId {localAddress = LocalAddress "/tmp/conformance-3148052-1789207473454/cardano-e2e/node.sock", remoteAddress = LocalAddress "/tmp/conformance-3148052-1789207473454/cardano-e2e/node.sock@1"}). Receive: 
Generic, canonical-identity and serialization rows on a real devnet	Run the generic rows as a packaged app without a dev shell	2026-09-12T10:10:41.4971833Z [2026-09-12 10:10:41.2003Z][development-epyc:Forge.Loop.StartLeadershipCheck](Info,45) Checking for leadership in slot 3632
Generic, canonical-identity and serialization rows on a real devnet	Run the generic rows as a packaged app without a dev shell	2026-09-12T10:10:41.4973396Z [2026-09-12 10:10:41.2004Z][development-epyc:Forge.Stats.ForgingStats](Info,45) Node cannot forge 0 node is leader 3632 blocks forged 3632 slots missed 0
Generic, canonical-identity and serialization rows on a real devnet	Run the generic rows as a packaged app without a dev shell	2026-09-12T10:10:41.4975245Z [2026-09-12 10:10:41.2007Z][development-epyc:Forge.StateInfo.StateInfo](Info,45) With label "Cardano", KES info startPeriod  0 currPeriod 0 endPeriod 60, 60 KES periods until expiry.
Generic, canonical-identity and serialization rows on a real devnet	Run the generic rows as a packaged app without a dev shell	2026-09-12T10:10:41.4976792Z [2026-09-12 10:10:41.2012Z][development-epyc:Forge.Loop.NodeIsLeader](Info,45) Leading slot 3632
Generic, canonical-identity and serialization rows on a real devnet	Run the generic rows as a packaged app without a dev shell	2026-09-12T10:10:41.4977981Z [2026-09-12 10:10:41.2016Z][development-epyc:Forge.Loop.ForgedBlock](Info,45) Forged block in slot 3632
Generic, canonical-identity and serialization rows on a real devnet	Run the generic rows as a packaged app without a dev shell	2026-09-12T10:10:41.4980368Z [2026-09-12 10:10:41.2043Z][development-epyc:ChainDB.AddBlockEvent.AddBlockValidation.ValidCandidate](Info,19) Valid candidate b7bf8d8c9cee49d82200e1b741dbbdd480880727c592089a81ad609103a131ab at slot 3632
Generic, canonical-identity and serialization rows on a real devnet	Run the generic rows as a packaged app without a dev shell	2026-09-12T10:10:41.4982856Z [2026-09-12 10:10:41.2052Z][development-epyc:Forge.Loop.AdoptedBlock](Info,45) Adopted block forged in slot 3632: b7bf8d8c9cee49d82200e1b741dbbdd480880727c592089a81ad609103a131ab
Generic, canonical-identity and serialization rows on a real devnet	Run the generic rows as a packaged app without a dev shell	2026-09-12T10:10:41.4985693Z [2026-09-12 10:10:41.2811Z][development-epyc:StateQueryServer.Receive.Release](Info,74) Peer is: (ConnectionId {localAddress = LocalAddress "/tmp/conformance-3148052-1789207473454/cardano-e2e/node.sock", remoteAddress = LocalAddress "/tmp/conformance-3148052-1789207473454/cardano-e2e/node.sock@1"}). Receive: 
Generic, canonical-identity and serialization rows on a real devnet	Run the generic rows as a packaged app without a dev shell	2026-09-12T10:10:41.4989447Z [2026-09-12 10:10:41.2812Z][development-epyc:StateQueryServer.Receive.Acquire](Info,74) Peer is: (ConnectionId {localAddress = LocalAddress "/tmp/conformance-3148052-1789207473454/cardano-e2e/node.sock", remoteAddress = LocalAddress "/tmp/conformance-3148052-1789207473454/cardano-e2e/node.sock@1"}). Receive: 
Generic, canonical-identity and serialization rows on a real devnet	Run the generic rows as a packaged app without a dev shell	2026-09-12T10:10:41.4993070Z [2026-09-12 10:10:41.2819Z][development-epyc:StateQueryServer.Receive.Query](Info,74) Peer is: (ConnectionId {localAddress = LocalAddress "/tmp/conformance-3148052-1789207473454/cardano-e2e/node.sock", remoteAddress = LocalAddress "/tmp/conformance-3148052-1789207473454/cardano-e2e/node.sock@1"}). Receive: 
Generic, canonical-identity and serialization rows on a real devnet	Run the generic rows as a packaged app without a dev shell	2026-09-12T10:10:41.4996702Z [2026-09-12 10:10:41.2826Z][development-epyc:StateQueryServer.Receive.Release](Info,74) Peer is: (ConnectionId {localAddress = LocalAddress "/tmp/conformance-3148052-1789207473454/cardano-e2e/node.sock", remoteAddress = LocalAddress "/tmp/conformance-3148052-1789207473454/cardano-e2e/node.sock@1"}). Receive: 
Generic, canonical-identity and serialization rows on a real devnet	Run the generic rows as a packaged app without a dev shell	2026-09-12T10:10:41.5000477Z [2026-09-12 10:10:41.2829Z][development-epyc:StateQueryServer.Receive.Acquire](Info,74) Peer is: (ConnectionId {localAddress = LocalAddress "/tmp/conformance-3148052-1789207473454/cardano-e2e/node.sock", remoteAddress = LocalAddress "/tmp/conformance-3148052-1789207473454/cardano-e2e/node.sock@1"}). Receive: 
Generic, canonical-identity and serialization rows on a real devnet	Run the generic rows as a packaged app without a dev shell	2026-09-12T10:10:41.5004092Z [2026-09-12 10:10:41.2834Z][development-epyc:StateQueryServer.Receive.Query](Info,74) Peer is: (ConnectionId {localAddress = LocalAddress "/tmp/conformance-3148052-1789207473454/cardano-e2e/node.sock", remoteAddress = LocalAddress "/tmp/conformance-3148052-1789207473454/cardano-e2e/node.sock@1"}). Receive: 
Generic, canonical-identity and serialization rows on a real devnet	Run the generic rows as a packaged app without a dev shell	2026-09-12T10:10:41.5007699Z [2026-09-12 10:10:41.2838Z][development-epyc:StateQueryServer.Receive.Query](Info,74) Peer is: (ConnectionId {localAddress = LocalAddress "/tmp/conformance-3148052-1789207473454/cardano-e2e/node.sock", remoteAddress = LocalAddress "/tmp/conformance-3148052-1789207473454/cardano-e2e/node.sock@1"}). Receive: 
Generic, canonical-identity and serialization rows on a real devnet	Run the generic rows as a packaged app without a dev shell	2026-09-12T10:10:41.5011473Z [2026-09-12 10:10:41.2842Z][development-epyc:StateQueryServer.Receive.Release](Info,74) Peer is: (ConnectionId {localAddress = LocalAddress "/tmp/conformance-3148052-1789207473454/cardano-e2e/node.sock", remoteAddress = LocalAddress "/tmp/conformance-3148052-1789207473454/cardano-e2e/node.sock@1"}). Receive: 
Generic, canonical-identity and serialization rows on a real devnet	Run the generic rows as a packaged app without a dev shell	2026-09-12T10:10:41.5015111Z [2026-09-12 10:10:41.2844Z][development-epyc:StateQueryServer.Receive.Acquire](Info,74) Peer is: (ConnectionId {localAddress = LocalAddress "/tmp/conformance-3148052-1789207473454/cardano-e2e/node.sock", remoteAddress = LocalAddress "/tmp/conformance-3148052-1789207473454/cardano-e2e/node.sock@1"}). Receive: 
Generic, canonical-identity and serialization rows on a real devnet	Run the generic rows as a packaged app without a dev shell	2026-09-12T10:10:41.5018812Z [2026-09-12 10:10:41.2849Z][development-epyc:StateQueryServer.Receive.Query](Info,74) Peer is: (ConnectionId {localAddress = LocalAddress "/tmp/conformance-3148052-1789207473454/cardano-e2e/node.sock", remoteAddress = LocalAddress "/tmp/conformance-3148052-1789207473454/cardano-e2e/node.sock@1"}). Receive: 
Generic, canonical-identity and serialization rows on a real devnet	Run the generic rows as a packaged app without a dev shell	2026-09-12T10:10:41.5021453Z [2026-09-12 10:10:41.3008Z][development-epyc:Forge.Loop.StartLeadershipCheck](Info,45) Checking for leadership in slot 3633
Generic, canonical-identity and serialization rows on a real devnet	Run the generic rows as a packaged app without a dev shell	2026-09-12T10:10:41.5023012Z [2026-09-12 10:10:41.3008Z][development-epyc:Forge.Stats.ForgingStats](Info,45) Node cannot forge 0 node is leader 3633 blocks forged 3633 slots missed 0
Generic, canonical-identity and serialization rows on a real devnet	Run the generic rows as a packaged app without a dev shell	2026-09-12T10:10:41.5025099Z [2026-09-12 10:10:41.3011Z][development-epyc:Forge.StateInfo.StateInfo](Info,45) With label "Cardano", KES info startPeriod  0 currPeriod 0 endPeriod 60, 60 KES periods until expiry.
Generic, canonical-identity and serialization rows on a real devnet	Run the generic rows as a packaged app without a dev shell	2026-09-12T10:10:41.5026818Z [2026-09-12 10:10:41.3016Z][development-epyc:Forge.Loop.NodeIsLeader](Info,45) Leading slot 3633
Generic, canonical-identity and serialization rows on a real devnet	Run the generic rows as a packaged app without a dev shell	2026-09-12T10:10:41.5028030Z [2026-09-12 10:10:41.3020Z][development-epyc:Forge.Loop.ForgedBlock](Info,45) Forged block in slot 3633
Generic, canonical-identity and serialization rows on a real devnet	Run the generic rows as a packaged app without a dev shell	2026-09-12T10:10:41.5029887Z [2026-09-12 10:10:41.3045Z][development-epyc:ChainDB.AddBlockEvent.AddBlockValidation.ValidCandidate](Info,19) Valid candidate 7cfc00b8a59de49fe48630ca619f961c5ee3897b36f30ffdd5da38992bf53b87 at slot 3633
Generic, canonical-identity and serialization rows on a real devnet	Run the generic rows as a packaged app without a dev shell	2026-09-12T10:10:41.5032180Z [2026-09-12 10:10:41.3054Z][development-epyc:Forge.Loop.AdoptedBlock](Info,45) Adopted block forged in slot 3633: 7cfc00b8a59de49fe48630ca619f961c5ee3897b36f30ffdd5da38992bf53b87
Generic, canonical-identity and serialization rows on a real devnet	Run the generic rows as a packaged app without a dev shell	2026-09-12T10:10:41.5035036Z [2026-09-12 10:10:41.3753Z][development-epyc:StateQueryServer.Receive.Release](Info,74) Peer is: (ConnectionId {localAddress = LocalAddress "/tmp/conformance-3148052-1789207473454/cardano-e2e/node.sock", remoteAddress = LocalAddress "/tmp/conformance-3148052-1789207473454/cardano-e2e/node.sock@1"}). Receive: 
Generic, canonical-identity and serialization rows on a real devnet	Run the generic rows as a packaged app without a dev shell	2026-09-12T10:10:41.5038781Z [2026-09-12 10:10:41.3795Z][development-epyc:StateQueryServer.Receive.Acquire](Info,74) Peer is: (ConnectionId {localAddress = LocalAddress "/tmp/conformance-3148052-1789207473454/cardano-e2e/node.sock", remoteAddress = LocalAddress "/tmp/conformance-3148052-1789207473454/cardano-e2e/node.sock@1"}). Receive: 
Generic, canonical-identity and serialization rows on a real devnet	Run the generic rows as a packaged app without a dev shell	2026-09-12T10:10:41.5042404Z [2026-09-12 10:10:41.3801Z][development-epyc:StateQueryServer.Receive.Query](Info,74) Peer is: (ConnectionId {localAddress = LocalAddress "/tmp/conformance-3148052-1789207473454/cardano-e2e/node.sock", remoteAddress = LocalAddress "/tmp/conformance-3148052-1789207473454/cardano-e2e/node.sock@1"}). Receive: 
Generic, canonical-identity and serialization rows on a real devnet	Run the generic rows as a packaged app without a dev shell	2026-09-12T10:10:41.5046012Z [2026-09-12 10:10:41.3807Z][development-epyc:StateQueryServer.Receive.Query](Info,74) Peer is: (ConnectionId {localAddress = LocalAddress "/tmp/conformance-3148052-1789207473454/cardano-e2e/node.sock", remoteAddress = LocalAddress "/tmp/conformance-3148052-1789207473454/cardano-e2e/node.sock@1"}). Receive: 
Generic, canonical-identity and serialization rows on a real devnet	Run the generic rows as a packaged app without a dev shell	2026-09-12T10:10:41.5048641Z [2026-09-12 10:10:41.4011Z][development-epyc:Forge.Loop.StartLeadershipCheck](Info,45) Checking for leadership in slot 3634
Generic, canonical-identity and serialization rows on a real devnet	Run the generic rows as a packaged app without a dev shell	2026-09-12T10:10:41.5050251Z [2026-09-12 10:10:41.4012Z][development-epyc:Forge.Stats.ForgingStats](Info,45) Node cannot forge 0 node is leader 3634 blocks forged 3634 slots missed 0
Generic, canonical-identity and serialization rows on a real devnet	Run the generic rows as a packaged app without a dev shell	2026-09-12T10:10:41.5052578Z [2026-09-12 10:10:41.4014Z][development-epyc:Forge.StateInfo.StateInfo](Info,45) With label "Cardano", KES info startPeriod  0 currPeriod 0 endPeriod 60, 60 KES periods until expiry.
Generic, canonical-identity and serialization rows on a real devnet	Run the generic rows as a packaged app without a dev shell	2026-09-12T10:10:41.5054116Z [2026-09-12 10:10:41.4021Z][development-epyc:Forge.Loop.NodeIsLeader](Info,45) Leading slot 3634
Generic, canonical-identity and serialization rows on a real devnet	Run the generic rows as a packaged app without a dev shell	2026-09-12T10:10:41.5055220Z [2026-09-12 10:10:41.4028Z][development-epyc:Forge.Loop.ForgedBlock](Info,45) Forged block in slot 3634
Generic, canonical-identity and serialization rows on a real devnet	Run the generic rows as a packaged app without a dev shell	2026-09-12T10:10:41.5057034Z [2026-09-12 10:10:41.4045Z][development-epyc:ChainDB.AddBlockEvent.AddBlockValidation.ValidCandidate](Info,19) Valid candidate e7049427a9737fbb4b786fcf6506d255af9657d56a7240ab17c61eae892211e2 at slot 3634
Generic, canonical-identity and serialization rows on a real devnet	Run the generic rows as a packaged app without a dev shell	2026-09-12T10:10:41.5059589Z [2026-09-12 10:10:41.4046Z][development-epyc:ChainDB.AddBlockEvent.AddedToCurrentChain](Notice,19) Chain extended, new tip: e7049427a9737fbb4b786fcf6506d255af9657d56a7240ab17c61eae892211e2 at slot 3634
Generic, canonical-identity and serialization rows on a real devnet	Run the generic rows as a packaged app without a dev shell	2026-09-12T10:10:41.5061766Z [2026-09-12 10:10:41.4054Z][development-epyc:Forge.Loop.AdoptedBlock](Info,45) Adopted block forged in slot 3634: e7049427a9737fbb4b786fcf6506d255af9657d56a7240ab17c61eae892211e2
Generic, canonical-identity and serialization rows on a real devnet	Run the generic rows as a packaged app without a dev shell	2026-09-12T10:10:41.5064554Z [2026-09-12 10:10:41.4738Z][development-epyc:StateQueryServer.Receive.Query](Info,74) Peer is: (ConnectionId {localAddress = LocalAddress "/tmp/conformance-3148052-1789207473454/cardano-e2e/node.sock", remoteAddress = LocalAddress "/tmp/conformance-3148052-1789207473454/cardano-e2e/node.sock@1"}). Receive: 
Generic, canonical-identity and serialization rows on a real devnet	Run the generic rows as a packaged app without a dev shell	2026-09-12T10:10:41.5068468Z [2026-09-12 10:10:41.4742Z][development-epyc:StateQueryServer.Receive.Query](Info,74) Peer is: (ConnectionId {localAddress = LocalAddress "/tmp/conformance-3148052-1789207473454/cardano-e2e/node.sock", remoteAddress = LocalAddress "/tmp/conformance-3148052-1789207473454/cardano-e2e/node.sock@1"}). Receive: 
Generic, canonical-identity and serialization rows on a real devnet	Run the generic rows as a packaged app without a dev shell	2026-09-12T10:10:41.5072219Z [2026-09-12 10:10:41.4746Z][development-epyc:StateQueryServer.Receive.Release](Info,74) Peer is: (ConnectionId {localAddress = LocalAddress "/tmp/conformance-3148052-1789207473454/cardano-e2e/node.sock", remoteAddress = LocalAddress "/tmp/conformance-3148052-1789207473454/cardano-e2e/node.sock@1"}). Receive: 
Generic, canonical-identity and serialization rows on a real devnet	Run the generic rows as a packaged app without a dev shell	2026-09-12T10:10:41.5074713Z [2026-09-12 10:10:41.4796Z][development-epyc:TxSubmission.LocalServer.ReceivedTx](Info,75) {"data":{"kind":"ReceivedTx"}}
Generic, canonical-identity and serialization rows on a real devnet	Run the generic rows as a packaged app without a dev shell	2026-09-12T10:10:41.5076366Z [2026-09-12 10:10:41.4850Z][development-epyc:Mempool.AddedTx](Info,75) {"data":{"kind":"TraceMempoolAddedTx","mempoolSize":{"bytes":11445,"numTxs":1},"tx":{"txid":"88564875"}}}
Generic, canonical-identity and serialization rows on a real devnet	Run the generic rows as a packaged app without a dev shell	2026-09-12T10:10:41.5077404Z 
Generic, canonical-identity and serialization rows on a real devnet	Run the generic rows as a packaged app without a dev shell	2026-09-12T10:10:41.5441155Z conformance run: FAILED: ROWS THE RUN CANNOT REPORT AS PASSING
Generic, canonical-identity and serialization rows on a real devnet	Run the generic rows as a packaged app without a dev shell	2026-09-12T10:10:41.5447768Z - Held (Q-002, story 2: Singular's Lean and the consumer's theorem disagree and the chain sided with Singular's Lean; receipts carry verdict held-q002): CG11 CG12 CG19
Generic, canonical-identity and serialization rows on a real devnet	Run the generic rows as a packaged app without a dev shell	2026-09-12T10:10:41.5451630Z - Failing against this candidate (verdict diverges-from-lean — the chain refused what the Lean requires accepted): none
Generic, canonical-identity and serialization rows on a real devnet	Run the generic rows as a packaged app without a dev shell	2026-09-12T10:10:41.5452910Z These rows are the milestone owner's to carry to the user.
Generic, canonical-identity and serialization rows on a real devnet	Run the generic rows as a packaged app without a dev shell	2026-09-12T10:10:41.5453652Z exit_status: 1
Generic, canonical-identity and serialization rows on a real devnet	Run the generic rows as a packaged app without a dev shell	2026-09-12T10:10:41.5732020Z generic session exit: 1 (expected: exactly 1, the handled session-debt exit)
Generic, canonical-identity and serialization rows on a real devnet	Run the generic rows as a packaged app without a dev shell	2026-09-12T10:10:42.1414444Z /srv/ci-work/runner-7/work/_temp/eee3a76f-eaa3-45c3-b190-8bf095ad58f9.sh: line 28: diff: command not found
Generic, canonical-identity and serialization rows on a real devnet	Run the generic rows as a packaged app without a dev shell	2026-09-12T10:10:42.1416870Z FAIL: receipt set mismatch (missing or extra row)
Generic, canonical-identity and serialization rows on a real devnet	Run the generic rows as a packaged app without a dev shell	2026-09-12T10:10:42.1450019Z ##[error]Process completed with exit code 1.
Generic, canonical-identity and serialization rows on a real devnet	Post Run cachix/cachix-action@v17	﻿2026-09-12T10:10:42.1715037Z Post job cleanup.
Generic, canonical-identity and serialization rows on a real devnet	Post Run cachix/cachix-action@v17	2026-09-12T10:10:42.2650256Z ##[group]Cachix: push
Generic, canonical-identity and serialization rows on a real devnet	Post Run cachix/cachix-action@v17	2026-09-12T10:10:42.2683466Z [2026-09-12 10:02:41][Info] Starting Cachix Daemon
Generic, canonical-identity and serialization rows on a real devnet	Post Run cachix/cachix-action@v17	2026-09-12T10:10:42.2684535Z [2026-09-12 10:02:41][Info] Configuration:
Generic, canonical-identity and serialization rows on a real devnet	Post Run cachix/cachix-action@v17	2026-09-12T10:10:42.2685374Z PID: 3135016
Generic, canonical-identity and serialization rows on a real devnet	Post Run cachix/cachix-action@v17	2026-09-12T10:10:42.2686307Z Socket: /srv/ci-work/runner-7/work/_temp/cachixpYjY5F/daemon.sock
Generic, canonical-identity and serialization rows on a real devnet	Post Run cachix/cachix-action@v17	2026-09-12T10:10:42.2687562Z Workers: 8
Generic, canonical-identity and serialization rows on a real devnet	Post Run cachix/cachix-action@v17	2026-09-12T10:10:42.2688334Z Cache name: paolino
Generic, canonical-identity and serialization rows on a real devnet	Post Run cachix/cachix-action@v17	2026-09-12T10:10:42.2688904Z Cache URI: https://paolino.cachix.org
Generic, canonical-identity and serialization rows on a real devnet	Post Run cachix/cachix-action@v17	2026-09-12T10:10:42.2689907Z Cache public keys: ["paolino.cachix.org-1:ecmgO3CXdgSWA2cHlm4srknd/cLFMLmK3i3NrzeDFaE="]
Generic, canonical-identity and serialization rows on a real devnet	Post Run cachix/cachix-action@v17	2026-09-12T10:10:42.2691198Z Cache is public: True
Generic, canonical-identity and serialization rows on a real devnet	Post Run cachix/cachix-action@v17	2026-09-12T10:10:42.2691845Z Compression: ZSTD
Generic, canonical-identity and serialization rows on a real devnet	Post Run cachix/cachix-action@v17	2026-09-12T10:10:42.2693003Z [2026-09-12 10:03:06][Info] Pushing /nix/store/ci2k593bw3xijiiy5lgdgka8ng2xlkyx-conformance-src
Generic, canonical-identity and serialization rows on a real devnet	Post Run cachix/cachix-action@v17	2026-09-12T10:10:42.2694666Z [2026-09-12 10:03:08][Info] Pushed /nix/store/ci2k593bw3xijiiy5lgdgka8ng2xlkyx-conformance-src
Generic, canonical-identity and serialization rows on a real devnet	Post Run cachix/cachix-action@v17	2026-09-12T10:10:42.2695765Z [2026-09-12 10:03:08][Info] Push job c8c80a37-01ba-441d-a698-850f428fc1a5 finished in 0s
Generic, canonical-identity and serialization rows on a real devnet	Post Run cachix/cachix-action@v17	2026-09-12T10:10:42.2697010Z [2026-09-12 10:03:47][Info] Skipping /nix/store/wpwf1z21hwis1p7ashy5pkqw763pbcpd-supported-languages
Generic, canonical-identity and serialization rows on a real devnet	Post Run cachix/cachix-action@v17	2026-09-12T10:10:42.2698449Z [2026-09-12 10:03:47][Info] Skipping /nix/store/vpxblivamvic1p5r5zny934jvg33m50r-xgcc-15.2.0-libgcc
Generic, canonical-identity and serialization rows on a real devnet	Post Run cachix/cachix-action@v17	2026-09-12T10:10:42.2699653Z [2026-09-12 10:03:47][Info] Skipping /nix/store/v8sa6r6q037ihghxfbwzjj4p59v2x0pv-bash-5.3p9
Generic, canonical-identity and serialization rows on a real devnet	Post Run cachix/cachix-action@v17	2026-09-12T10:10:42.2700860Z [2026-09-12 10:03:47][Info] Skipping /nix/store/p7jg95rzvfalb95k3mskk0jqxc9d724n-libunistring-1.4.1
Generic, canonical-identity and serialization rows on a real devnet	Post Run cachix/cachix-action@v17	2026-09-12T10:10:42.2702162Z [2026-09-12 10:03:47][Info] Skipping /nix/store/ljmgvwz53516q5rryvqwm70rl28pl2rw-dummy-pkg-ghc-9.12.3
Generic, canonical-identity and serialization rows on a real devnet	Post Run cachix/cachix-action@v17	2026-09-12T10:10:42.2703468Z [2026-09-12 10:03:47][Info] Skipping /nix/store/jms7zxzm7w1whczwny5m3gkgdjghmi2r-glibc-2.42-51
Generic, canonical-identity and serialization rows on a real devnet	Post Run cachix/cachix-action@v17	2026-09-12T10:10:42.2704700Z [2026-09-12 10:03:47][Info] Skipping /nix/store/jjrdfrmwjrsz0vgl2xiiq19z09w8ixds-dummy-ghc-9.12.3
Generic, canonical-identity and serialization rows on a real devnet	Post Run cachix/cachix-action@v17	2026-09-12T10:10:42.2705959Z [2026-09-12 10:03:47][Info] Skipping /nix/store/4xakxlphi7sqkzhgnz0lqar80v8n278p-dummy-ghc-pkg-dump
Generic, canonical-identity and serialization rows on a real devnet	Post Run cachix/cachix-action@v17	2026-09-12T10:10:42.2707179Z [2026-09-12 10:03:47][Info] Skipping /nix/store/1ga782ml07vy0h503ac4cin0h8d7q6yh-libidn2-2.3.8
Generic, canonical-identity and serialization rows on a real devnet	Post Run cachix/cachix-action@v17	2026-09-12T10:10:42.2709142Z [2026-09-12 10:03:47][Info] Pushing /nix/store/k8vgqgprkr5h93n0nfq73zjsh68djvwn-singular-conformance-plan-to-nix-pkgs
Generic, canonical-identity and serialization rows on a real devnet	Post Run cachix/cachix-action@v17	2026-09-12T10:10:42.2710858Z [2026-09-12 10:03:47][Info] Pushing /nix/store/kx5x0d0nkkvhgx2wj8brlrd5zv3xgm5i-singular-conformance-plan-to-nix-pkgs-freeze
Generic, canonical-identity and serialization rows on a real devnet	Post Run cachix/cachix-action@v17	2026-09-12T10:10:42.2712646Z [2026-09-12 10:03:48][Info] Pushed /nix/store/kx5x0d0nkkvhgx2wj8brlrd5zv3xgm5i-singular-conformance-plan-to-nix-pkgs-freeze
Generic, canonical-identity and serialization rows on a real devnet	Post Run cachix/cachix-action@v17	2026-09-12T10:10:42.2714342Z [2026-09-12 10:03:49][Info] Pushed /nix/store/k8vgqgprkr5h93n0nfq73zjsh68djvwn-singular-conformance-plan-to-nix-pkgs
Generic, canonical-identity and serialization rows on a real devnet	Post Run cachix/cachix-action@v17	2026-09-12T10:10:42.2715654Z [2026-09-12 10:03:49][Info] Push job c3d75d8f-ba14-4965-8163-f944675db25d finished in 0s
Generic, canonical-identity and serialization rows on a real devnet	Post Run cachix/cachix-action@v17	2026-09-12T10:10:42.2716764Z [2026-09-12 10:04:31][Info] Skipping /nix/store/zshwvgkhvckw3n9ygg61hb214bg0w3p4-liburing-2.14
Generic, canonical-identity and serialization rows on a real devnet	Post Run cachix/cachix-action@v17	2026-09-12T10:10:42.2718040Z [2026-09-12 10:04:31][Info] Skipping /nix/store/zrnqzhcvlpiycqbswl0w172y4bpn0lb4-bzip2-1.0.8
Generic, canonical-identity and serialization rows on a real devnet	Post Run cachix/cachix-action@v17	2026-09-12T10:10:42.2719230Z [2026-09-12 10:04:31][Info] Skipping /nix/store/zf61wng66ik05clni78571wfmfp5kqzq-libtasn1-4.20.0
Generic, canonical-identity and serialization rows on a real devnet	Post Run cachix/cachix-action@v17	2026-09-12T10:10:42.2720547Z [2026-09-12 10:04:31][Info] Skipping /nix/store/za53jjhjl1xajv3y1zpjvr9mh4w0c1ay-xgcc-14.2.1.20250322-libgcc
Generic, canonical-identity and serialization rows on a real devnet	Post Run cachix/cachix-action@v17	2026-09-12T10:10:42.2721877Z [2026-09-12 10:04:31][Info] Skipping /nix/store/yypqcvqhnv8y4zpicgxdigp3giq81gzb-libunistring-1.3
Generic, canonical-identity and serialization rows on a real devnet	Post Run cachix/cachix-action@v17	2026-09-12T10:10:42.2723142Z [2026-09-12 10:04:31][Info] Skipping /nix/store/ygz5dcpzd7qkw44wpbd65rl6amwpxp5f-libnfnetlink-1.0.2
Generic, canonical-identity and serialization rows on a real devnet	Post Run cachix/cachix-action@v17	2026-09-12T10:10:42.2724351Z [2026-09-12 10:04:31][Info] Skipping /nix/store/ygdgqjzw03k8d05zq3pigzf67b62j7vs-pcre2-10.46
Generic, canonical-identity and serialization rows on a real devnet	Post Run cachix/cachix-action@v17	2026-09-12T10:10:42.2725512Z [2026-09-12 10:04:31][Info] Skipping /nix/store/yfjzkkkyxcalyj7l1n4d4y6s81i65hmy-sqlite-3.48.0
Generic, canonical-identity and serialization rows on a real devnet	Post Run cachix/cachix-action@v17	2026-09-12T10:10:42.2726682Z [2026-09-12 10:04:31][Info] Skipping /nix/store/yba197xwc8vvxv9wmcrs9bngmmgp5njb-gnutls-3.8.9
Generic, canonical-identity and serialization rows on a real devnet	Post Run cachix/cachix-action@v17	2026-09-12T10:10:42.2728346Z [2026-09-12 10:04:31][Info] Skipping /nix/store/yai7mpy5d4rw0jvflyxdf0vzjkiqxhv6-libevent-2.1.12
Generic, canonical-identity and serialization rows on a real devnet	Post Run cachix/cachix-action@v17	2026-09-12T10:10:42.2729527Z [2026-09-12 10:04:31][Info] Skipping /nix/store/xy4jjgw87sbgwylm5kn047d9gkbhsr9x-bash-5.2p37
Generic, canonical-identity and serialization rows on a real devnet	Post Run cachix/cachix-action@v17	2026-09-12T10:10:42.2730690Z [2026-09-12 10:04:31][Info] Skipping /nix/store/xv0pc5nc41v5vi0lac1i2d353s3rqlkm-libxml2-2.13.8
Generic, canonical-identity and serialization rows on a real devnet	Post Run cachix/cachix-action@v17	2026-09-12T10:10:42.2731892Z [2026-09-12 10:04:31][Info] Skipping /nix/store/x5b1rc257vjpzvrbf8r8x2qfc4naf354-snappy-1.2.2-dev
Generic, canonical-identity and serialization rows on a real devnet	Post Run cachix/cachix-action@v17	2026-09-12T10:10:42.2733138Z [2026-09-12 10:04:31][Info] Skipping /nix/store/wxkbp7kwvpxvjh28rigmf6lfq64zlsyj-iptables-1.8.11
Generic, canonical-identity and serialization rows on a real devnet	Post Run cachix/cachix-action@v17	2026-09-12T10:10:42.2734305Z [2026-09-12 10:04:31][Info] Skipping /nix/store/wrxvqj822kz8746608lgns7h8mkpn79f-gnutar-1.35
Generic, canonical-identity and serialization rows on a real devnet	Post Run cachix/cachix-action@v17	2026-09-12T10:10:42.2735480Z [2026-09-12 10:04:31][Info] Skipping /nix/store/w4zidm3vlnzfl5c2xqqp96gw7fn0f9yy-secp256k1-0.3.2
Generic, canonical-identity and serialization rows on a real devnet	Post Run cachix/cachix-action@v17	2026-09-12T10:10:42.2736700Z [2026-09-12 10:04:31][Info] Skipping /nix/store/vrdwlbzr74ibnzcli2yl1nxg9jqmr237-linux-pam-1.6.1
Generic, canonical-identity and serialization rows on a real devnet	Post Run cachix/cachix-action@v17	2026-09-12T10:10:42.2738044Z [2026-09-12 10:04:31][Info] Skipping /nix/store/vpxblivamvic1p5r5zny934jvg33m50r-xgcc-15.2.0-libgcc
Generic, canonical-identity and serialization rows on a real devnet	Post Run cachix/cachix-action@v17	2026-09-12T10:10:42.2739229Z [2026-09-12 10:04:31][Info] Skipping /nix/store/vi21p90v3kj509rx00r101xcqa6za76b-bzip2-1.0.8
Generic, canonical-identity and serialization rows on a real devnet	Post Run cachix/cachix-action@v17	2026-09-12T10:10:42.2740365Z [2026-09-12 10:04:31][Info] Skipping /nix/store/vfmnmqsnfiiqmphy7ffh2zqynsxfck1q-ncurses-6.5
Generic, canonical-identity and serialization rows on a real devnet	Post Run cachix/cachix-action@v17	2026-09-12T10:10:42.2741506Z [2026-09-12 10:04:31][Info] Skipping /nix/store/v8sa6r6q037ihghxfbwzjj4p59v2x0pv-bash-5.3p9
Generic, canonical-identity and serialization rows on a real devnet	Post Run cachix/cachix-action@v17	2026-09-12T10:10:42.2742705Z [2026-09-12 10:04:31][Info] Skipping /nix/store/v7rzgm8p6p0ghg5mqcin4vbx6pcrvc0j-nghttp2-1.65.0-lib
Generic, canonical-identity and serialization rows on a real devnet	Post Run cachix/cachix-action@v17	2026-09-12T10:10:42.2743909Z [2026-09-12 10:04:31][Info] Skipping /nix/store/v578vkzh0qhzczjvrzf64lqb2c74d5pk-curl-8.13.0
Generic, canonical-identity and serialization rows on a real devnet	Post Run cachix/cachix-action@v17	2026-09-12T10:10:42.2745226Z [2026-09-12 10:04:31][Info] Skipping /nix/store/v03zr9slrp64psxlpwh7gn0m5gcdglwm-systemd-minimal-libs-257.5
Generic, canonical-identity and serialization rows on a real devnet	Post Run cachix/cachix-action@v17	2026-09-12T10:10:42.2746507Z [2026-09-12 10:04:31][Info] Skipping /nix/store/srby6wmvg7dp454pwb6qvaxdiri38sc1-zlib-1.3.1
Generic, canonical-identity and serialization rows on a real devnet	Post Run cachix/cachix-action@v17	2026-09-12T10:10:42.2747630Z [2026-09-12 10:04:31][Info] Skipping /nix/store/rx147mrlzx7m905wyngvlr70jb1bwirj-blst-0.3.14
Generic, canonical-identity and serialization rows on a real devnet	Post Run cachix/cachix-action@v17	2026-09-12T10:10:42.2749114Z [2026-09-12 10:04:31][Info] Skipping /nix/store/rvwxynyvrvisdzn5qzb880xahs45jh1h-cardano-node-exe-cardano-node-10.7.0
Generic, canonical-identity and serialization rows on a real devnet	Post Run cachix/cachix-action@v17	2026-09-12T10:10:42.2750777Z [2026-09-12 10:04:31][Info] Skipping /nix/store/rmrbzp98xrk54pdlm7cxhayj4344zw6h-libassuan-3.0.2
Generic, canonical-identity and serialization rows on a real devnet	Post Run cachix/cachix-action@v17	2026-09-12T10:10:42.2752107Z [2026-09-12 10:04:31][Info] Skipping /nix/store/r03ly1w54924k8fag1dhjl3yrllj6czd-util-linux-minimal-2.41-lib
Generic, canonical-identity and serialization rows on a real devnet	Post Run cachix/cachix-action@v17	2026-09-12T10:10:42.2753510Z [2026-09-12 10:04:31][Info] Skipping /nix/store/qxk9122p34qwivq20k154jflwxjjjxb3-dns-root-data-2025-04-14
Generic, canonical-identity and serialization rows on a real devnet	Post Run cachix/cachix-action@v17	2026-09-12T10:10:42.2754738Z [2026-09-12 10:04:31][Info] Skipping /nix/store/qvyvscqgr6vyqvmjdgxqa521myv5db0p-kmod-31
Generic, canonical-identity and serialization rows on a real devnet	Post Run cachix/cachix-action@v17	2026-09-12T10:10:42.2755927Z [2026-09-12 10:04:31][Info] Skipping /nix/store/qqpgwzhpakcqaz6fiy95x19iydj471ca-pcsclite-2.3.0-lib
Generic, canonical-identity and serialization rows on a real devnet	Post Run cachix/cachix-action@v17	2026-09-12T10:10:42.2757193Z [2026-09-12 10:04:31][Info] Skipping /nix/store/qizipyz9y17nr4w4gmxvwd3x4k0bp2rh-libxcrypt-4.4.38
Generic, canonical-identity and serialization rows on a real devnet	Post Run cachix/cachix-action@v17	2026-09-12T10:10:42.2758513Z [2026-09-12 10:04:31][Info] Skipping /nix/store/q4v09bffjy5i0f2kdwnbbwmhqv6i3pjs-zstd-1.5.7-dev
Generic, canonical-identity and serialization rows on a real devnet	Post Run cachix/cachix-action@v17	2026-09-12T10:10:42.2759658Z [2026-09-12 10:04:31][Info] Skipping /nix/store/pa60s415p92gnhv5ffz1bmfgzzfvhvd8-xz-5.8.1
Generic, canonical-identity and serialization rows on a real devnet	Post Run cachix/cachix-action@v17	2026-09-12T10:10:42.2760844Z [2026-09-12 10:04:31][Info] Skipping /nix/store/p7jg95rzvfalb95k3mskk0jqxc9d724n-libunistring-1.4.1
Generic, canonical-identity and serialization rows on a real devnet	Post Run cachix/cachix-action@v17	2026-09-12T10:10:42.2762110Z [2026-09-12 10:04:31][Info] Skipping /nix/store/nzg6zqsijbv7yc95wlfcdswx6bg69srq-gmp-with-cxx-6.3.0
Generic, canonical-identity and serialization rows on a real devnet	Post Run cachix/cachix-action@v17	2026-09-12T10:10:42.2763606Z [2026-09-12 10:04:31][Info] Skipping /nix/store/nfwlyasnxxdbnpiziw2nixwkz9b5f7g3-publicsuffix-list-0-unstable-2025-03-12
Generic, canonical-identity and serialization rows on a real devnet	Post Run cachix/cachix-action@v17	2026-09-12T10:10:42.2765098Z [2026-09-12 10:04:31][Info] Skipping /nix/store/mzvz45f54a0r0zjjygvlzn6pidfkkwj3-audit-4.0.3-lib
Generic, canonical-identity and serialization rows on a real devnet	Post Run cachix/cachix-action@v17	2026-09-12T10:10:42.2766311Z [2026-09-12 10:04:31][Info] Skipping /nix/store/mfw8qy1rr6dzny7jd60r7vr4af7ag9sn-zlib-1.3.2-static
Generic, canonical-identity and serialization rows on a real devnet	Post Run cachix/cachix-action@v17	2026-09-12T10:10:42.2767491Z [2026-09-12 10:04:31][Info] Skipping /nix/store/md8kapandyhs7bbw5s782aanw38p2kax-gnupg-2.4.7
Generic, canonical-identity and serialization rows on a real devnet	Post Run cachix/cachix-action@v17	2026-09-12T10:10:42.2769000Z [2026-09-12 10:04:31][Info] Skipping /nix/store/m4yrdwg3zv50mw8hy2zni5dyy7ljlg7j-nettle-3.10.1
Generic, canonical-identity and serialization rows on a real devnet	Post Run cachix/cachix-action@v17	2026-09-12T10:10:42.2770196Z [2026-09-12 10:04:31][Info] Skipping /nix/store/m4w8d2h3v76anng7s9cv9c1iq9w6y2jj-cryptsetup-2.7.5
Generic, canonical-identity and serialization rows on a real devnet	Post Run cachix/cachix-action@v17	2026-09-12T10:10:42.2771412Z [2026-09-12 10:04:31][Info] Skipping /nix/store/lzj49jmi93jyyhwxq8l7v2iyrcl48sa6-bzip2-1.0.8-dev
Generic, canonical-identity and serialization rows on a real devnet	Post Run cachix/cachix-action@v17	2026-09-12T10:10:42.2772602Z [2026-09-12 10:04:31][Info] Skipping /nix/store/l9xn7mbn0wh0z7swfcfj1n56byvcrisw-zstd-1.5.7-bin
Generic, canonical-identity and serialization rows on a real devnet	Post Run cachix/cachix-action@v17	2026-09-12T10:10:42.2773845Z [2026-09-12 10:04:31][Info] Skipping /nix/store/kxhsmlrscry4pvbpwkbbbxsksmzg0gp0-gmp-with-cxx-6.3.0
Generic, canonical-identity and serialization rows on a real devnet	Post Run cachix/cachix-action@v17	2026-09-12T10:10:42.2775237Z [2026-09-12 10:04:31][Info] Skipping /nix/store/jws80m7djgv03chq0ylw7vmv3vqsbvgg-util-linux-minimal-2.41-swap
Generic, canonical-identity and serialization rows on a real devnet	Post Run cachix/cachix-action@v17	2026-09-12T10:10:42.2776570Z [2026-09-12 10:04:31][Info] Skipping /nix/store/jms7zxzm7w1whczwny5m3gkgdjghmi2r-glibc-2.42-51
Generic, canonical-identity and serialization rows on a real devnet	Post Run cachix/cachix-action@v17	2026-09-12T10:10:42.2777821Z [2026-09-12 10:04:31][Info] Skipping /nix/store/j2v7jjnczkj7ra7jsgq6kv3242a1l52x-getent-glibc-2.40-66
Generic, canonical-identity and serialization rows on a real devnet	Post Run cachix/cachix-action@v17	2026-09-12T10:10:42.2779125Z [2026-09-12 10:04:31][Info] Skipping /nix/store/imsla3023w5jm4265aqmmx3wws3lq5hw-blst-0.3.14
Generic, canonical-identity and serialization rows on a real devnet	Post Run cachix/cachix-action@v17	2026-09-12T10:10:42.2780266Z [2026-09-12 10:04:31][Info] Skipping /nix/store/if9z6wmzmb07j63c02mvfkhn1mw1w5p4-systemd-257.5
Generic, canonical-identity and serialization rows on a real devnet	Post Run cachix/cachix-action@v17	2026-09-12T10:10:42.2781511Z [2026-09-12 10:04:31][Info] Skipping /nix/store/if83fp73ln7ksdnp1wkywvyv53b6fw3f-glibc-2.40-66-getent
Generic, canonical-identity and serialization rows on a real devnet	Post Run cachix/cachix-action@v17	2026-09-12T10:10:42.2782958Z [2026-09-12 10:04:31][Info] Skipping /nix/store/hk6rqnlvnj112xd8l7dqhz1nf9y70czy-cardano-node-exe-cardano-node-10.7.0
Generic, canonical-identity and serialization rows on a real devnet	Post Run cachix/cachix-action@v17	2026-09-12T10:10:42.2784381Z [2026-09-12 10:04:31][Info] Skipping /nix/store/hbnbbbx1n96v1waiiaid9fmg4li4i1kp-gcc-15.2.0-libgcc
Generic, canonical-identity and serialization rows on a real devnet	Post Run cachix/cachix-action@v17	2026-09-12T10:10:42.2785787Z [2026-09-12 10:04:31][Info] Skipping /nix/store/h7yks2w8y1sxrv35v1m67wbdwqzfi3an-ekg-wai-lib-ekg-wai-0.1.2.0-data
Generic, canonical-identity and serialization rows on a real devnet	Post Run cachix/cachix-action@v17	2026-09-12T10:10:42.2787126Z [2026-09-12 10:04:31][Info] Skipping /nix/store/h6hdbgkfh59np7bi7h8qa76pq27ixz8r-gnugrep-3.12
Generic, canonical-identity and serialization rows on a real devnet	Post Run cachix/cachix-action@v17	2026-09-12T10:10:42.2788372Z [2026-09-12 10:04:31][Info] Skipping /nix/store/gqmr3gixlddz3667ba1iyqck3c0dkpvd-gnugrep-3.11
Generic, canonical-identity and serialization rows on a real devnet	Post Run cachix/cachix-action@v17	2026-09-12T10:10:42.2789560Z [2026-09-12 10:04:31][Info] Skipping /nix/store/gc52c68s6cfcrav5pypmrf3sq5k554ih-zlib-1.3.2-dev
Generic, canonical-identity and serialization rows on a real devnet	Post Run cachix/cachix-action@v17	2026-09-12T10:10:42.2790798Z [2026-09-12 10:04:31][Info] Skipping /nix/store/g91dviqva4rkkw8lw30zy3gj14c1p23s-libarchive-3.7.8-lib
Generic, canonical-identity and serialization rows on a real devnet	Post Run cachix/cachix-action@v17	2026-09-12T10:10:42.2792219Z [2026-09-12 10:04:31][Info] Skipping /nix/store/fm2ky0fkkkici6zpf2s41c1lvkcpfbm5-db-4.8.30
Generic, canonical-identity and serialization rows on a real devnet	Post Run cachix/cachix-action@v17	2026-09-12T10:10:42.2793373Z [2026-09-12 10:04:31][Info] Skipping /nix/store/f7y5q4jwja2z3i5zlylgbv5av6839a54-libnftnl-1.2.9
Generic, canonical-identity and serialization rows on a real devnet	Post Run cachix/cachix-action@v17	2026-09-12T10:10:42.2794588Z [2026-09-12 10:04:31][Info] Skipping /nix/store/dfznrcrr2raj9x4bdysvs896jfnx84ih-libcbor-0.12.0
Generic, canonical-identity and serialization rows on a real devnet	Post Run cachix/cachix-action@v17	2026-09-12T10:10:42.2795777Z [2026-09-12 10:04:31][Info] Skipping /nix/store/d8vq999dg607ha6718fimpakacfax0gd-zstd-1.5.7
Generic, canonical-identity and serialization rows on a real devnet	Post Run cachix/cachix-action@v17	2026-09-12T10:10:42.2796934Z [2026-09-12 10:04:31][Info] Skipping /nix/store/cly4pxh7avd579girjmpxmx8z6ad4dyp-elfutils-0.192
Generic, canonical-identity and serialization rows on a real devnet	Post Run cachix/cachix-action@v17	2026-09-12T10:10:42.2798164Z [2026-09-12 10:04:31][Info] Skipping /nix/store/ci5nyvrii461hnaw267c1zvna0sjfxif-npth-1.8
Generic, canonical-identity and serialization rows on a real devnet	Post Run cachix/cachix-action@v17	2026-09-12T10:10:42.2799322Z [2026-09-12 10:04:31][Info] Skipping /nix/store/ci2k593bw3xijiiy5lgdgka8ng2xlkyx-conformance-src
Generic, canonical-identity and serialization rows on a real devnet	Post Run cachix/cachix-action@v17	2026-09-12T10:10:42.2800556Z [2026-09-12 10:04:31][Info] Skipping /nix/store/cgmqhcm3fdf312rrfflrrp4j3ffjkg49-secp256k1-0.3.2
Generic, canonical-identity and serialization rows on a real devnet	Post Run cachix/cachix-action@v17	2026-09-12T10:10:42.2801746Z [2026-09-12 10:04:31][Info] Skipping /nix/store/cg9s562sa33k78m63njfn1rw47dp9z0i-glibc-2.40-66
Generic, canonical-identity and serialization rows on a real devnet	Post Run cachix/cachix-action@v17	2026-09-12T10:10:42.2802879Z [2026-09-12 10:04:31][Info] Skipping /nix/store/c35qp0iabz0x3sn7n6frcl8gzy61n1jb-lz4-1.10.0
Generic, canonical-identity and serialization rows on a real devnet	Post Run cachix/cachix-action@v17	2026-09-12T10:10:42.2804044Z [2026-09-12 10:04:31][Info] Skipping /nix/store/by6npbc13ly5a1zgsqghv7wv5bklyiny-bzip2-1.0.8-bin
Generic, canonical-identity and serialization rows on a real devnet	Post Run cachix/cachix-action@v17	2026-09-12T10:10:42.2805234Z [2026-09-12 10:04:31][Info] Skipping /nix/store/bxs5j3zhh35nwhyhwc3db724c7nzfl36-libpsl-0.21.5
Generic, canonical-identity and serialization rows on a real devnet	Post Run cachix/cachix-action@v17	2026-09-12T10:10:42.2806519Z [2026-09-12 10:04:31][Info] Skipping /nix/store/bmmmy3sz3fmlxx64rlw1apm7ffywpyap-libpwquality-1.4.5-lib
Generic, canonical-identity and serialization rows on a real devnet	Post Run cachix/cachix-action@v17	2026-09-12T10:10:42.2807794Z [2026-09-12 10:04:31][Info] Skipping /nix/store/bmjb20jhxkq881f43pd264240sp677an-krb5-1.21.3-lib
Generic, canonical-identity and serialization rows on a real devnet	Post Run cachix/cachix-action@v17	2026-09-12T10:10:42.2809071Z [2026-09-12 10:04:31][Info] Skipping /nix/store/bmckdjhp1cn78n4md1m55zglpqxwijj3-libtpms-0.10.0
Generic, canonical-identity and serialization rows on a real devnet	Post Run cachix/cachix-action@v17	2026-09-12T10:10:42.2810487Z [2026-09-12 10:04:31][Info] Skipping /nix/store/bh1hxs692a2fv806wkiprig10j5znd7c-libcap-2.75-lib
Generic, canonical-identity and serialization rows on a real devnet	Post Run cachix/cachix-action@v17	2026-09-12T10:10:42.2811670Z [2026-09-12 10:04:31][Info] Skipping /nix/store/axb7chdpqwqzf2pr9lkfdd8qccc4v7g3-lmdb-0.9.33
Generic, canonical-identity and serialization rows on a real devnet	Post Run cachix/cachix-action@v17	2026-09-12T10:10:42.2813007Z [2026-09-12 10:04:31][Info] Skipping /nix/store/agpxymqp96k4bksyz3bbzr5y8jgykf4p-util-linux-minimal-2.41-mount
Generic, canonical-identity and serialization rows on a real devnet	Post Run cachix/cachix-action@v17	2026-09-12T10:10:42.2814312Z [2026-09-12 10:04:31][Info] Skipping /nix/store/afhkqb5a94zlwjxigsnwsfwkf38h21dk-gzip-1.14
Generic, canonical-identity and serialization rows on a real devnet	Post Run cachix/cachix-action@v17	2026-09-12T10:10:42.2815516Z [2026-09-12 10:04:31][Info] Skipping /nix/store/ac2haqynxj9zpisq3lakxg5qybna08a5-rocksdb-10.10.1
Generic, canonical-identity and serialization rows on a real devnet	Post Run cachix/cachix-action@v17	2026-09-12T10:10:42.2816710Z [2026-09-12 10:04:31][Info] Skipping /nix/store/ab3753m6i7isgvzphlar0a8xb84gl96i-gcc-15.2.0-lib
Generic, canonical-identity and serialization rows on a real devnet	Post Run cachix/cachix-action@v17	2026-09-12T10:10:42.2817949Z [2026-09-12 10:04:31][Info] Skipping /nix/store/a9c6rz5183psp30q1nhkakis6ab4km4b-pcre2-10.44
Generic, canonical-identity and serialization rows on a real devnet	Post Run cachix/cachix-action@v17	2026-09-12T10:10:42.2819129Z [2026-09-12 10:04:31][Info] Skipping /nix/store/a885zzx9s5y8dxbfvahwdcwcx6pdzm9q-tpm2-tss-4.1.3
Generic, canonical-identity and serialization rows on a real devnet	Post Run cachix/cachix-action@v17	2026-09-12T10:10:42.2820396Z [2026-09-12 10:04:31][Info] Skipping /nix/store/a7zbljj0cwkbfzn22v6s2cbh39dj9hip-libseccomp-2.6.0-lib
Generic, canonical-identity and serialization rows on a real devnet	Post Run cachix/cachix-action@v17	2026-09-12T10:10:42.2821663Z [2026-09-12 10:04:31][Info] Skipping /nix/store/a7h3ly9qzh8wk1vsycpdk69xp82dl5ry-cracklib-2.10.0
Generic, canonical-identity and serialization rows on a real devnet	Post Run cachix/cachix-action@v17	2026-09-12T10:10:42.2822892Z [2026-09-12 10:04:31][Info] Skipping /nix/store/9z7wv6k9i38k83xpbgqcapaxhdkbaqhz-libgpg-error-1.51
Generic, canonical-identity and serialization rows on a real devnet	Post Run cachix/cachix-action@v17	2026-09-12T10:10:42.2824064Z [2026-09-12 10:04:31][Info] Skipping /nix/store/9r81a64smasyz3j7x3ah684hyzivmplx-kbd-2.7.1
Generic, canonical-identity and serialization rows on a real devnet	Post Run cachix/cachix-action@v17	2026-09-12T10:10:42.2825249Z [2026-09-12 10:04:31][Info] Skipping /nix/store/9q9777l352qfg127kwbfilali7mcynr1-gmp-with-cxx-6.3.0
Generic, canonical-identity and serialization rows on a real devnet	Post Run cachix/cachix-action@v17	2026-09-12T10:10:42.2826461Z [2026-09-12 10:04:31][Info] Skipping /nix/store/9m6a4iv2nh6v4aga830r499s4arknsfb-p11-kit-0.25.5
Generic, canonical-identity and serialization rows on a real devnet	Post Run cachix/cachix-action@v17	2026-09-12T10:10:42.2827626Z [2026-09-12 10:04:31][Info] Skipping /nix/store/9i4rvkgjgp6jjzhlp41g9320h85a1nys-snappy-1.2.1
Generic, canonical-identity and serialization rows on a real devnet	Post Run cachix/cachix-action@v17	2026-09-12T10:10:42.2828899Z [2026-09-12 10:04:31][Info] Skipping /nix/store/9hbdbr5hikxjb16ir40w2v24gbivv22x-libmnl-1.0.5
Generic, canonical-identity and serialization rows on a real devnet	Post Run cachix/cachix-action@v17	2026-09-12T10:10:42.2830115Z [2026-09-12 10:04:31][Info] Skipping /nix/store/9b02zmm47aq17r9j9x8wcn92p70rdm25-libsodium-vrf-1.0.18
Generic, canonical-identity and serialization rows on a real devnet	Post Run cachix/cachix-action@v17	2026-09-12T10:10:42.2831552Z [2026-09-12 10:04:31][Info] Skipping /nix/store/98zamhd8d0jq3skqwz28dlgph94mrqir-xz-5.8.1-bin
Generic, canonical-identity and serialization rows on a real devnet	Post Run cachix/cachix-action@v17	2026-09-12T10:10:42.2832714Z [2026-09-12 10:04:31][Info] Skipping /nix/store/971mpk4nqhqcxggx0yi60w9y1ya570bj-readline-8.2p13
Generic, canonical-identity and serialization rows on a real devnet	Post Run cachix/cachix-action@v17	2026-09-12T10:10:42.2833889Z [2026-09-12 10:04:31][Info] Skipping /nix/store/9642gi5dl4w9nkhab0l6xry685cg403c-libssh2-1.11.1
Generic, canonical-identity and serialization rows on a real devnet	Post Run cachix/cachix-action@v17	2026-09-12T10:10:42.2835033Z [2026-09-12 10:04:31][Info] Skipping /nix/store/90c412b9wqhfny300rg5s2gpsbrqb31q-libffi-3.4.8
Generic, canonical-identity and serialization rows on a real devnet	Post Run cachix/cachix-action@v17	2026-09-12T10:10:42.2836166Z [2026-09-12 10:04:31][Info] Skipping /nix/store/8zgy79sw0zjwfcfp78p883hkkdw0pdzs-libffi-3.5.2
Generic, canonical-identity and serialization rows on a real devnet	Post Run cachix/cachix-action@v17	2026-09-12T10:10:42.2837373Z [2026-09-12 10:04:31][Info] Skipping /nix/store/8y5hcryppj548yfx6akiw93qrw8zv6js-unbound-1.23.0-lib
Generic, canonical-identity and serialization rows on a real devnet	Post Run cachix/cachix-action@v17	2026-09-12T10:10:42.2838658Z [2026-09-12 10:04:31][Info] Skipping /nix/store/8xy63p7i1jgdpb0y92a4s39nsq0bbnw8-snappy-1.2.2
Generic, canonical-identity and serialization rows on a real devnet	Post Run cachix/cachix-action@v17	2026-09-12T10:10:42.2839796Z [2026-09-12 10:04:31][Info] Skipping /nix/store/8syylmkvnn7lg2nar9fddpp5izb4gh56-attr-2.5.2
Generic, canonical-identity and serialization rows on a real devnet	Post Run cachix/cachix-action@v17	2026-09-12T10:10:42.2840946Z [2026-09-12 10:04:31][Info] Skipping /nix/store/8pviily4fgsl02ijm65binz236717wfs-openssl-3.4.1
Generic, canonical-identity and serialization rows on a real devnet	Post Run cachix/cachix-action@v17	2026-09-12T10:10:42.2842129Z [2026-09-12 10:04:31][Info] Skipping /nix/store/8cc8cdqa54bahfi5n5glkm8d252zkkjn-zstd-1.5.7-bin
Generic, canonical-identity and serialization rows on a real devnet	Post Run cachix/cachix-action@v17	2026-09-12T10:10:42.2843342Z [2026-09-12 10:04:31][Info] Skipping /nix/store/89bxhx3rhk6r4d5fvwaysrykpmvmgcnm-kmod-31-lib
Generic, canonical-identity and serialization rows on a real devnet	Post Run cachix/cachix-action@v17	2026-09-12T10:10:42.2844492Z [2026-09-12 10:04:31][Info] Skipping /nix/store/87fck6hm17chxjq7badb11mq036zbyv9-coreutils-9.7
Generic, canonical-identity and serialization rows on a real devnet	Post Run cachix/cachix-action@v17	2026-09-12T10:10:42.2845664Z [2026-09-12 10:04:31][Info] Skipping /nix/store/82n465240j5a8ap7c60gqy3a6kwqv1rs-numactl-2.0.18
Generic, canonical-identity and serialization rows on a real devnet	Post Run cachix/cachix-action@v17	2026-09-12T10:10:42.2846833Z [2026-09-12 10:04:31][Info] Skipping /nix/store/7y50v718cz8kcq13n15w1zav3nf1ch1j-lz4-1.10.0-dev
Generic, canonical-identity and serialization rows on a real devnet	Post Run cachix/cachix-action@v17	2026-09-12T10:10:42.2848042Z [2026-09-12 10:04:31][Info] Skipping /nix/store/7f3nwfvk0f32663rz1xn38cbsl66idx2-libbpf-1.5.0
Generic, canonical-identity and serialization rows on a real devnet	Post Run cachix/cachix-action@v17	2026-09-12T10:10:42.2849485Z [2026-09-12 10:04:31][Info] Skipping /nix/store/7c0v0kbrrdc2cqgisi78jdqxn73n3401-gcc-14.2.1.20250322-lib
Generic, canonical-identity and serialization rows on a real devnet	Post Run cachix/cachix-action@v17	2026-09-12T10:10:42.2850744Z [2026-09-12 10:04:31][Info] Skipping /nix/store/7a8gf62bfl22k4gy2cd300h7cvqmn9yl-brotli-1.1.0-lib
Generic, canonical-identity and serialization rows on a real devnet	Post Run cachix/cachix-action@v17	2026-09-12T10:10:42.2852079Z [2026-09-12 10:04:31][Info] Skipping /nix/store/6wrjb93m2arv7adx6k2x9nlb0y7rmgpi-libnetfilter_conntrack-1.1.0
Generic, canonical-identity and serialization rows on a real devnet	Post Run cachix/cachix-action@v17	2026-09-12T10:10:42.2853380Z [2026-09-12 10:04:31][Info] Skipping /nix/store/6nkqdqzpa75514lhglgnjs5k4dklw4sb-libidn2-2.3.8
Generic, canonical-identity and serialization rows on a real devnet	Post Run cachix/cachix-action@v17	2026-09-12T10:10:42.2854653Z [2026-09-12 10:04:31][Info] Skipping /nix/store/6hqzbvz50bm87hcj4qfn51gh7arxj8a6-gcc-14.2.1.20250322-libgcc
Generic, canonical-identity and serialization rows on a real devnet	Post Run cachix/cachix-action@v17	2026-09-12T10:10:42.2855913Z [2026-09-12 10:04:31][Info] Skipping /nix/store/6fmfvkxjq2q8hzvhmi5717i0zmwjkrpw-liburing-2.9
Generic, canonical-identity and serialization rows on a real devnet	Post Run cachix/cachix-action@v17	2026-09-12T10:10:42.2857047Z [2026-09-12 10:04:31][Info] Skipping /nix/store/677sx4qrmnmgk83ynn0sw8hqgh439g6b-json-c-0.18
Generic, canonical-identity and serialization rows on a real devnet	Post Run cachix/cachix-action@v17	2026-09-12T10:10:42.2858418Z [2026-09-12 10:04:31][Info] Skipping /nix/store/675r4l9rpmaxdanw0i48z4n7gzchngv7-util-linux-minimal-2.41-login
Generic, canonical-identity and serialization rows on a real devnet	Post Run cachix/cachix-action@v17	2026-09-12T10:10:42.2859727Z [2026-09-12 10:04:31][Info] Skipping /nix/store/635dz3p1afjwym9snp2r9hm0vaznwngy-libnl-3.11.0
Generic, canonical-identity and serialization rows on a real devnet	Post Run cachix/cachix-action@v17	2026-09-12T10:10:42.2860886Z [2026-09-12 10:04:31][Info] Skipping /nix/store/5f0bv68v1sjrp4pnr8c6p7k04271659w-libfido2-1.15.0
Generic, canonical-identity and serialization rows on a real devnet	Post Run cachix/cachix-action@v17	2026-09-12T10:10:42.2862053Z [2026-09-12 10:04:31][Info] Skipping /nix/store/55q6r1kq38lxfi3l7k313ba01npcsinb-lz4-1.10.0-lib
Generic, canonical-identity and serialization rows on a real devnet	Post Run cachix/cachix-action@v17	2026-09-12T10:10:42.2863215Z [2026-09-12 10:04:31][Info] Skipping /nix/store/51sr6m5fb8fff9vydnz7gkqyl5sjpixl-lz4-1.10.0-lib
Generic, canonical-identity and serialization rows on a real devnet	Post Run cachix/cachix-action@v17	2026-09-12T10:10:42.2864422Z [2026-09-12 10:04:31][Info] Skipping /nix/store/4v64wga9rk0c919ip673j36g6ikx26ha-keyutils-1.6.3-lib
Generic, canonical-identity and serialization rows on a real devnet	Post Run cachix/cachix-action@v17	2026-09-12T10:10:42.2865661Z [2026-09-12 10:04:31][Info] Skipping /nix/store/4f7ssdb8qgaajl4pr1s1p77r51qsrb8y-kexec-tools-2.0.29
Generic, canonical-identity and serialization rows on a real devnet	Post Run cachix/cachix-action@v17	2026-09-12T10:10:42.2866827Z [2026-09-12 10:04:31][Info] Skipping /nix/store/3mi59bgj22xx29dyss7jhmx3sgznd85m-acl-2.3.2
Generic, canonical-identity and serialization rows on a real devnet	Post Run cachix/cachix-action@v17	2026-09-12T10:10:42.2868034Z [2026-09-12 10:04:31][Info] Skipping /nix/store/2pvhq9kgqh5669qj6805vpasngivad8h-lvm2-2.03.31-lib
Generic, canonical-identity and serialization rows on a real devnet	Post Run cachix/cachix-action@v17	2026-09-12T10:10:42.2869192Z [2026-09-12 10:04:31][Info] Skipping /nix/store/2kdz3m7ic8w226pcvkz1dlg169v91p6a-zlib-1.3.2
Generic, canonical-identity and serialization rows on a real devnet	Post Run cachix/cachix-action@v17	2026-09-12T10:10:42.2870306Z [2026-09-12 10:04:31][Info] Skipping /nix/store/29mmnqpc1p3iv8wj0lpvicajy3jsbx87-zstd-1.5.7
Generic, canonical-identity and serialization rows on a real devnet	Post Run cachix/cachix-action@v17	2026-09-12T10:10:42.2871688Z [2026-09-12 10:04:31][Info] Skipping /nix/store/1rlljm73ch98b2q9qqk8g0vhv2n9mya8-libapparmor-4.1.0
Generic, canonical-identity and serialization rows on a real devnet	Post Run cachix/cachix-action@v17	2026-09-12T10:10:42.2872898Z [2026-09-12 10:04:31][Info] Skipping /nix/store/1r4qwdkxwc1r3n0bij0sq9q4nvfraw6i-libpcap-1.10.5
Generic, canonical-identity and serialization rows on a real devnet	Post Run cachix/cachix-action@v17	2026-09-12T10:10:42.2874182Z [2026-09-12 10:04:31][Info] Skipping /nix/store/1q9lw4r2mbap8rsr8cja46nap6wvrw2p-bash-interactive-5.2p37
Generic, canonical-identity and serialization rows on a real devnet	Post Run cachix/cachix-action@v17	2026-09-12T10:10:42.2875457Z [2026-09-12 10:04:31][Info] Skipping /nix/store/1l2x502h3j9bkp2ln3axm9qp70ibg7a1-qrencode-4.1.1
Generic, canonical-identity and serialization rows on a real devnet	Post Run cachix/cachix-action@v17	2026-09-12T10:10:42.2876608Z [2026-09-12 10:04:31][Info] Skipping /nix/store/1ga782ml07vy0h503ac4cin0h8d7q6yh-libidn2-2.3.8
Generic, canonical-identity and serialization rows on a real devnet	Post Run cachix/cachix-action@v17	2026-09-12T10:10:42.2877901Z [2026-09-12 10:04:31][Info] Skipping /nix/store/1dxfw2zshri809ddyfqllvff3cfj96ma-libmicrohttpd-1.0.1
Generic, canonical-identity and serialization rows on a real devnet	Post Run cachix/cachix-action@v17	2026-09-12T10:10:42.2879207Z [2026-09-12 10:04:31][Info] Skipping /nix/store/1dnjshikhmski616kz21d7q6s16ibdhp-libsodium-vrf-1.0.18
Generic, canonical-identity and serialization rows on a real devnet	Post Run cachix/cachix-action@v17	2026-09-12T10:10:42.2880467Z [2026-09-12 10:04:31][Info] Skipping /nix/store/1abbyfv3bpxalfjfgpmwg8jcy931bf76-bzip2-1.0.8-bin
Generic, canonical-identity and serialization rows on a real devnet	Post Run cachix/cachix-action@v17	2026-09-12T10:10:42.2881736Z [2026-09-12 10:04:31][Info] Skipping /nix/store/0dqmgjr0jsc2s75sbgdvkk7d08zx5g61-libgcrypt-1.10.3-lib
Generic, canonical-identity and serialization rows on a real devnet	Post Run cachix/cachix-action@v17	2026-09-12T10:10:42.2882965Z [2026-09-12 10:04:31][Info] Skipping /nix/store/00p2pzg3i0bdlg9iab09jyr46lnvpi6n-numactl-2.0.18
Generic, canonical-identity and serialization rows on a real devnet	Post Run cachix/cachix-action@v17	2026-09-12T10:10:42.2884112Z [2026-09-12 10:04:31][Info] Pushing /nix/store/iqmvqrgd3p67c0kk3rg6s1wlc4nmdnmf-conformance
Generic, canonical-identity and serialization rows on a real devnet	Post Run cachix/cachix-action@v17	2026-09-12T10:10:42.2885511Z [2026-09-12 10:04:31][Info] Pushing /nix/store/ggj1ncvzrz7jaas7hzl326a36zf4qlhc-conformance-exe-conformance-0.1.0.0-data
Generic, canonical-identity and serialization rows on a real devnet	Post Run cachix/cachix-action@v17	2026-09-12T10:10:42.2887127Z [2026-09-12 10:04:31][Info] Pushing /nix/store/hgqx4jwva7gckhfi694461vnhfqkp3k6-conformance-exe-conformance-0.1.0.0
Generic, canonical-identity and serialization rows on a real devnet	Post Run cachix/cachix-action@v17	2026-09-12T10:10:42.2888544Z [2026-09-12 10:04:32][Info] Pushed /nix/store/iqmvqrgd3p67c0kk3rg6s1wlc4nmdnmf-conformance
Generic, canonical-identity and serialization rows on a real devnet	Post Run cachix/cachix-action@v17	2026-09-12T10:10:42.2890479Z [2026-09-12 10:04:32][Info] Pushed /nix/store/ggj1ncvzrz7jaas7hzl326a36zf4qlhc-conformance-exe-conformance-0.1.0.0-data
Generic, canonical-identity and serialization rows on a real devnet	Post Run cachix/cachix-action@v17	2026-09-12T10:10:42.2892491Z [2026-09-12 10:04:34][Info] Pushed /nix/store/hgqx4jwva7gckhfi694461vnhfqkp3k6-conformance-exe-conformance-0.1.0.0
Generic, canonical-identity and serialization rows on a real devnet	Post Run cachix/cachix-action@v17	2026-09-12T10:10:42.2894068Z [2026-09-12 10:04:34][Info] Push job 32c2da29-b334-443b-b866-1b914e76f20c finished in 0s
Generic, canonical-identity and serialization rows on a real devnet	Post Run cachix/cachix-action@v17	2026-09-12T10:10:42.7700095Z [command]/nix/store/8c85nnzmy656jara9bdqgblwb8k02fjw-cachix-1.10.1-bin/bin/cachix daemon stop --socket /srv/ci-work/runner-7/work/_temp/cachixpYjY5F/daemon.sock
Generic, canonical-identity and serialization rows on a real devnet	Post Run cachix/cachix-action@v17	2026-09-12T10:10:42.8108786Z [2026-09-12 10:10:42][Info] Shutting down daemon...
Generic, canonical-identity and serialization rows on a real devnet	Post Run cachix/cachix-action@v17	2026-09-12T10:10:42.8111701Z [2026-09-12 10:10:42][Info] Daemon shut down. Exiting.
Generic, canonical-identity and serialization rows on a real devnet	Post Run cachix/cachix-action@v17	2026-09-12T10:10:43.8219069Z ##[endgroup]
Generic, canonical-identity and serialization rows on a real devnet	Post Run actions/checkout@v6	﻿2026-09-12T10:10:43.8561680Z Post job cleanup.
Generic, canonical-identity and serialization rows on a real devnet	Post Run actions/checkout@v6	2026-09-12T10:10:43.9603478Z [command]/nix/store/ipwndaag56mm8g8gn8j98z0jvn8x4mk1-git-2.52.0/bin/git version
Generic, canonical-identity and serialization rows on a real devnet	Post Run actions/checkout@v6	2026-09-12T10:10:43.9655680Z git version 2.52.0
Generic, canonical-identity and serialization rows on a real devnet	Post Run actions/checkout@v6	2026-09-12T10:10:43.9695743Z Temporarily overriding HOME='/srv/ci-work/runner-7/work/_temp/51552e5c-09fc-4b1f-96d2-67dff33e1338' before making global git config changes
Generic, canonical-identity and serialization rows on a real devnet	Post Run actions/checkout@v6	2026-09-12T10:10:43.9697702Z Adding repository directory to the temporary git global config as a safe directory
Generic, canonical-identity and serialization rows on a real devnet	Post Run actions/checkout@v6	2026-09-12T10:10:43.9700543Z [command]/nix/store/ipwndaag56mm8g8gn8j98z0jvn8x4mk1-git-2.52.0/bin/git config --global --add safe.directory /srv/ci-work/runner-7/work/singular/singular
Generic, canonical-identity and serialization rows on a real devnet	Post Run actions/checkout@v6	2026-09-12T10:10:43.9757219Z Removing SSH command configuration
Generic, canonical-identity and serialization rows on a real devnet	Post Run actions/checkout@v6	2026-09-12T10:10:43.9763409Z [command]/nix/store/ipwndaag56mm8g8gn8j98z0jvn8x4mk1-git-2.52.0/bin/git config --local --name-only --get-regexp core\.sshCommand
Generic, canonical-identity and serialization rows on a real devnet	Post Run actions/checkout@v6	2026-09-12T10:10:43.9820638Z [command]/nix/store/ipwndaag56mm8g8gn8j98z0jvn8x4mk1-git-2.52.0/bin/git submodule foreach --recursive sh -c "git config --local --name-only --get-regexp 'core\.sshCommand' && git config --local --unset-all 'core.sshCommand' || :"
Generic, canonical-identity and serialization rows on a real devnet	Post Run actions/checkout@v6	2026-09-12T10:10:44.0353959Z Removing HTTP extra header
Generic, canonical-identity and serialization rows on a real devnet	Post Run actions/checkout@v6	2026-09-12T10:10:44.0359578Z [command]/nix/store/ipwndaag56mm8g8gn8j98z0jvn8x4mk1-git-2.52.0/bin/git config --local --name-only --get-regexp http\.https\:\/\/github\.com\/\.extraheader
Generic, canonical-identity and serialization rows on a real devnet	Post Run actions/checkout@v6	2026-09-12T10:10:44.0419609Z [command]/nix/store/ipwndaag56mm8g8gn8j98z0jvn8x4mk1-git-2.52.0/bin/git submodule foreach --recursive sh -c "git config --local --name-only --get-regexp 'http\.https\:\/\/github\.com\/\.extraheader' && git config --local --unset-all 'http.https://github.com/.extraheader' || :"
Generic, canonical-identity and serialization rows on a real devnet	Post Run actions/checkout@v6	2026-09-12T10:10:44.0916076Z Removing includeIf entries pointing to credentials config files
Generic, canonical-identity and serialization rows on a real devnet	Post Run actions/checkout@v6	2026-09-12T10:10:44.0923174Z [command]/nix/store/ipwndaag56mm8g8gn8j98z0jvn8x4mk1-git-2.52.0/bin/git config --local --name-only --get-regexp ^includeIf\.gitdir:
Generic, canonical-identity and serialization rows on a real devnet	Post Run actions/checkout@v6	2026-09-12T10:10:44.1001887Z includeif.gitdir:/srv/ci-work/runner-7/work/singular/singular/.git.path
Generic, canonical-identity and serialization rows on a real devnet	Post Run actions/checkout@v6	2026-09-12T10:10:44.1002728Z includeif.gitdir:/srv/ci-work/runner-7/work/singular/singular/.git/worktrees/*.path
Generic, canonical-identity and serialization rows on a real devnet	Post Run actions/checkout@v6	2026-09-12T10:10:44.1003257Z includeif.gitdir:/github/workspace/.git.path
Generic, canonical-identity and serialization rows on a real devnet	Post Run actions/checkout@v6	2026-09-12T10:10:44.1003662Z includeif.gitdir:/github/workspace/.git/worktrees/*.path
Generic, canonical-identity and serialization rows on a real devnet	Post Run actions/checkout@v6	2026-09-12T10:10:44.1013042Z [command]/nix/store/ipwndaag56mm8g8gn8j98z0jvn8x4mk1-git-2.52.0/bin/git config --local --get-all includeif.gitdir:/srv/ci-work/runner-7/work/singular/singular/.git.path
Generic, canonical-identity and serialization rows on a real devnet	Post Run actions/checkout@v6	2026-09-12T10:10:44.1062277Z /srv/ci-work/runner-7/work/_temp/git-credentials-3277bce8-e0d2-40d3-90e2-42497f44222b.config
Generic, canonical-identity and serialization rows on a real devnet	Post Run actions/checkout@v6	2026-09-12T10:10:44.1083616Z [command]/nix/store/ipwndaag56mm8g8gn8j98z0jvn8x4mk1-git-2.52.0/bin/git config --local --unset includeif.gitdir:/srv/ci-work/runner-7/work/singular/singular/.git.path /srv/ci-work/runner-7/work/_temp/git-credentials-3277bce8-e0d2-40d3-90e2-42497f44222b.config
Generic, canonical-identity and serialization rows on a real devnet	Post Run actions/checkout@v6	2026-09-12T10:10:44.1210384Z [command]/nix/store/ipwndaag56mm8g8gn8j98z0jvn8x4mk1-git-2.52.0/bin/git config --local --get-all includeif.gitdir:/srv/ci-work/runner-7/work/singular/singular/.git/worktrees/*.path
Generic, canonical-identity and serialization rows on a real devnet	Post Run actions/checkout@v6	2026-09-12T10:10:44.1255833Z /srv/ci-work/runner-7/work/_temp/git-credentials-3277bce8-e0d2-40d3-90e2-42497f44222b.config
Generic, canonical-identity and serialization rows on a real devnet	Post Run actions/checkout@v6	2026-09-12T10:10:44.1268074Z [command]/nix/store/ipwndaag56mm8g8gn8j98z0jvn8x4mk1-git-2.52.0/bin/git config --local --unset includeif.gitdir:/srv/ci-work/runner-7/work/singular/singular/.git/worktrees/*.path /srv/ci-work/runner-7/work/_temp/git-credentials-3277bce8-e0d2-40d3-90e2-42497f44222b.config
Generic, canonical-identity and serialization rows on a real devnet	Post Run actions/checkout@v6	2026-09-12T10:10:44.1330302Z [command]/nix/store/ipwndaag56mm8g8gn8j98z0jvn8x4mk1-git-2.52.0/bin/git config --local --get-all includeif.gitdir:/github/workspace/.git.path
Generic, canonical-identity and serialization rows on a real devnet	Post Run actions/checkout@v6	2026-09-12T10:10:44.1367231Z /github/runner_temp/git-credentials-3277bce8-e0d2-40d3-90e2-42497f44222b.config
Generic, canonical-identity and serialization rows on a real devnet	Post Run actions/checkout@v6	2026-09-12T10:10:44.1382331Z [command]/nix/store/ipwndaag56mm8g8gn8j98z0jvn8x4mk1-git-2.52.0/bin/git config --local --unset includeif.gitdir:/github/workspace/.git.path /github/runner_temp/git-credentials-3277bce8-e0d2-40d3-90e2-42497f44222b.config
Generic, canonical-identity and serialization rows on a real devnet	Post Run actions/checkout@v6	2026-09-12T10:10:44.1452711Z [command]/nix/store/ipwndaag56mm8g8gn8j98z0jvn8x4mk1-git-2.52.0/bin/git config --local --get-all includeif.gitdir:/github/workspace/.git/worktrees/*.path
Generic, canonical-identity and serialization rows on a real devnet	Post Run actions/checkout@v6	2026-09-12T10:10:44.1488521Z /github/runner_temp/git-credentials-3277bce8-e0d2-40d3-90e2-42497f44222b.config
Generic, canonical-identity and serialization rows on a real devnet	Post Run actions/checkout@v6	2026-09-12T10:10:44.1503823Z [command]/nix/store/ipwndaag56mm8g8gn8j98z0jvn8x4mk1-git-2.52.0/bin/git config --local --unset includeif.gitdir:/github/workspace/.git/worktrees/*.path /github/runner_temp/git-credentials-3277bce8-e0d2-40d3-90e2-42497f44222b.config
Generic, canonical-identity and serialization rows on a real devnet	Post Run actions/checkout@v6	2026-09-12T10:10:44.1589719Z [command]/nix/store/ipwndaag56mm8g8gn8j98z0jvn8x4mk1-git-2.52.0/bin/git submodule foreach --recursive git config --local --show-origin --name-only --get-regexp remote.origin.url
Generic, canonical-identity and serialization rows on a real devnet	Post Run actions/checkout@v6	2026-09-12T10:10:44.2136534Z Removing credentials config '/srv/ci-work/runner-7/work/_temp/git-credentials-3277bce8-e0d2-40d3-90e2-42497f44222b.config'
Generic, canonical-identity and serialization rows on a real devnet	Complete job	﻿2026-09-12T10:10:44.2455485Z Cleaning up orphan processes
